ID,Tipo de actividad,Ciclo,NXLSX,DXLSX
AB106,Lectoescritura,05_09_01,05_09_01_AB106_GP.xlsx,05_09_01_AB1D_JIN.xlsx
AB106,Juego con números,05_09_02,05_09_02_AB106_GP.xlsx,05_09_02_AB1D_JIN.xlsx
BA205,Juego libre,05_12_01,05_12_01_BA205_ZVT.xlsx,05_12_01_BA2D_JIN.xlsx
BA202,Juego libre,05_12_02,05_12_02_BA202_JIN.xlsx,05_12_02_BA2D_ZVT.xlsx
AB205,Juego con números,05_16_01,05_16_01_AB205_JIN.xlsx,05_16_01_AB2D_GP.xlsx
AB202,Juego con números,05_16_02,05_16_02_AB202_GP.xlsx,05_16_02_AB2D_JIN.xlsx
AB201,Juego con números,05_16_03,05_16_03_AB201_JIN.xlsx,05_16_03_AB2D_GP.xlsx
AB203,Juego con números,05_16_04,05_16_04_AB203_JIN.xlsx,05_16_04_AB2D_GP.xlsx
AB204,Exposición docente,05_16_05,05_16_05_AB204_GP.xlsx,05_16_05_AB2D_JIN.xlsx
AA202,Exposición docente,05_17_01,05_17_01_AA202_MAC.xlsx,05_17_01_AA2D_JIN.xlsx
AA203,Juego con números,05_17_02,05_17_02_AA203_JIN.xlsx,05_17_02_AA2D_MAC.xlsx
AA204,Juego con números,05_17_03,05_17_03_AA204_MAC.xlsx,05_17_03_AA2D_JIN.xlsx
AA204,Juego con números,05_17_04,05_17_04_AA204_MAC.xlsx,05_17_04_AA2D_JIN.xlsx
BA101,Lectoescritura,05_19_01,05_19_01_BA101_JIN.xlsx,05_19_01_BA1D_MD.xlsx
BA104,Lectoescritura,05_19_02,05_19_02_BA104_JIN.xlsx,05_19_02_BA1D_ZVT.xlsx
BA103,Juego libre,05_19_03,05_19_03_BA103_ZVT.xlsx,05_19_03_BA1D_JIN.xlsx
BA102,Juego libre,05_19_04,05_19_04_BA102_JIN.xlsx,05_19_04_BA1D_ZVT.xlsx
BB02,Exposición docente,05_22_01,05_22_01_BB02_JIN.xlsx,05_22_01_BBD_ZVT.xlsx
BB04,Dibujo/pintura,05_22_02,05_22_02_BB04_ZVT.xlsx,05_22_02_BBD_JIN.xlsx
BB01,Dibujo/pintura,05_22_03,05_22_03_BB01_JIN.xlsx,05_22_03_BBD_ZVT.xlsx
BB03,Juego libre,05_22_04,05_22_04_BB03_ZVT.xlsx,05_22_04_BBD_JIN.xlsx
BB05,Dibujo/pintura,05_22_05,05_22_05_BB05_JIN.xlsx,05_22_05_BBD_ZVT.xlsx
BB06,Dibujo/pintura,05_22_06,05_22_06_BB06_ZVT.xlsx,05_22_06_BBD_JIN.xlsx
AB105,Juego con números,05_23_01,05_23_01_AB105_GP.xlsx,05_23_01_AB1D_JIN.xlsx
AB101,Juego con números,05_23_02,05_23_02_AB101_JIN.xlsx,05_23_02_AB1D_GP.xlsx
AB102,Juego con números,05_23_03,05_23_03_AB102_GP.xlsx,05_23_03_AB1D_JIN.xlsx
AB103,Juego libre,05_23_04,05_23_04_AB103_JIN.xlsx,05_23_04_AB1D_GP.xlsx
AB108,Exposición docente,05_23_05,05_23_05_AB108_GP.xlsx,05_23_05_AB1D_JIN.xlsx
AB108,Exposición docente,05_23_06,05_23_06_AB108_GP.xlsx,05_23_06_AB1D_JIN.xlsx
AA101,Juego libre,05_24_01,05_24_01_AA101_MAC.xlsx,05_24_01_AA1D_JIN.xlsx
AA104,Juego libre,05_24_02,05_24_02_AA104_JIN.xlsx,05_24_02_AA1D_MAC.xlsx
AA105,Juego libre,05_24_03,05_24_03_AA105_MAC.xlsx,05_24_03_AA1D_JIN.xlsx
AA108,Juego libre,05_24_04,05_24_04_AA108_JIN.xlsx,05_24_04_AA1D_MAC.xlsx
AA204,Juego libre,05_24_05,05_24_05_AA204_MAC.xlsx,05_24_05_AA2D_JIN.xlsx
AA203,Juego libre,05_24_06,05_24_06_AA203_JIN.xlsx,05_24_06_AA2D_MAC.xlsx
AA108,Juego libre,05_24_07,05_24_07_AA108_JIN.xlsx,05_24_07_AA1D_MAC.xlsx
AA104,Juego libre,05_24_08,05_24_08_AA104_MAC.xlsx,05_24_08_AA1D_JIN.xlsx
AA105,Juego libre,05_24_09,05_24_09_AA105_JIN.xlsx,05_24_09_AA1D_MAC.xlsx
AA108,Exposición docente,05_24_10,05_24_10_AA108_MAC.xlsx,05_24_10_AA1D_JIN.xlsx
AA101,Exposición docente,05_24_11,05_24_11_AA101_JIN.xlsx,05_24_11_AA1D_MAC.xlsx
BB09,Exposición docente,05_29_01,05_29_01_BB09_ADN.xlsx,05_29_01_BBD_JIN.xlsx
BB10,Exposición docente,05_29_01,05_29_01_BB10_MD.xlsx,05_29_01_BBD_JIN.xlsx
BB09,Exposición docente,05_29_02,05_29_02_BB09_ADN.xlsx,05_29_02_BBD_JIN.xlsx
BB11,Dibujo/pintura,05_29_03,05_29_03_BB11_MD.xlsx,05_29_03_BBD_JIN.xlsx
BB12,Dibujo/pintura,05_29_03,05_29_03_BB12_ADN.xlsx,05_29_03_BBD_JIN.xlsx
BB14,Dibujo/pintura,05_29_04,05_29_04_BB14_JIN.xlsx,05_29_04_BBD_ADN.xlsx
AB206,Exposición docente,05_30_01,05_30_01_AB206_JIN.xlsx,05_30_01_AB2D_GP.xlsx
AB201,Exposición docente,05_30_02,05_30_02_AB201_GP.xlsx,05_30_02_AB2D_JIN.xlsx
AB202,Exposición docente,05_30_03,05_30_03_AB202_JIN.xlsx,05_30_03_AB2D_GP.xlsx
AB203,Exposición docente,05_30_04,05_30_04_AB203_GP.xlsx,05_30_04_AB2D_JIN.xlsx
AB205,Dibujo/pintura,05_30_05,05_30_05_AB205_JIN.xlsx,05_30_05_AB2D_GP.xlsx
AA103,Exposición docente,06_01_01,06_01_01_AA103_JIN.xlsx,06_01_01_AA1D_GP.xlsx
AA107,Dibujo/pintura,06_01_02,06_01_02_AA107_GP.xlsx,06_01_02_AA1D_JIN.xlsx
AA102,Dibujo/pintura,06_01_03,06_01_03_AA102_JDA.xlsx,06_01_03_AA1D_JIN.xlsx
AA102,Juego libre,06_01_04,06_01_04_AA102_JDA.xlsx,06_01_04_AA1D_JIN.xlsx
AA106,Dibujo/pintura,06_01_04,06_01_04_AA106_GP.xlsx,06_01_04_AA1D_JIN.xlsx
AA102,Juego libre,06_01_05,06_01_05_AA102_JIN.xlsx,06_01_05_AA1D_GP.xlsx
AA103,Lectoescritura,06_01_06,06_01_06_AA103_GP.xlsx,06_01_06_AA1D_JIN.xlsx
AA106,Lectoescritura,06_01_07,06_01_07_AA106_JIN.xlsx,06_01_07_AA1D_GP.xlsx
AA107,Lectoescritura,06_01_07,06_01_07_AA107_JDA.xlsx,06_01_07_AA1D_GP.xlsx
BA201,Exposición docente,06_02_01,06_02_01_BA201_ZVT.xlsx,06_02_01_BA2D_JIN.xlsx
BA204,Juego libre,06_02_01,06_02_01_BA204_MD.xlsx,06_02_01_BA2D_JIN.xlsx
BA203,Exposición docente,06_02_02,06_02_02_BA203_JIN.xlsx,06_02_02_BA2D_ZVT.xlsx
BA205,Exposición docente,06_02_03,06_02_03_BA205_MD.xlsx,06_02_03_BA2D_JIN.xlsx
BA103,Juego con números,06_02_04,06_02_04_BA103_JIN.xlsx,06_02_04_BA1D_MD.xlsx
BA105,Juego con números,06_02_04,06_02_04_BA105_ZVT.xlsx,06_02_04_BA1D_MD.xlsx
BA101,Juego con números,06_02_05,06_02_05_BA101_JIN.xlsx,06_02_05_BA1D_ZVT.xlsx
BA104,Juego con números,06_02_05,06_02_05_BA104_MD.xlsx,06_02_05_BA1D_ZVT.xlsx
BA102,Juego con números,06_02_06,06_02_06_BA102_ZVT.xlsx,06_02_06_BA1D_JIN.xlsx
BB15,Exposición docente,06_05_01,06_05_01_BB15_JIN.xlsx,06_05_01_BBD_MD.xlsx
BB08,Dibujo/pintura,06_05_02,06_05_02_BB08_JIN.xlsx,06_05_02_BBD_ADN.xlsx
BB16,Dibujo/pintura,06_05_03,06_05_03_BB16_JIN.xlsx,06_05_03_BBD_MD.xlsx
BB03,Juego libre,06_05_04,06_05_04_BB03_MD.xlsx,06_05_04_BBD_JIN.xlsx
BB13,Juego libre,06_05_04,06_05_04_BB13_ADN.xlsx,06_05_04_BBD_JIN.xlsx
AB110,Exposición docente,06_06_01,06_06_01_AB110_JIN.xlsx,06_06_01_AB1D_GP.xlsx
AB107,Lectoescritura,06_06_02,06_06_02_AB107_GP.xlsx,06_06_02_AB1D_JIN.xlsx
AB101,Lectoescritura,06_06_03,06_06_03_AB101_JIN.xlsx,06_06_03_AB1D_GP.xlsx
AB108,Lectoescritura,06_06_04,06_06_04_AB108_GP.xlsx,06_06_04_AB1D_JIN.xlsx
AB102,Exposición docente,06_06_05,06_06_05_AB102_JIN.xlsx,06_06_05_AB1D_GP.xlsx
AB103,Juego con números,06_06_06,06_06_06_AB103_GP.xlsx,06_06_06_AB1D_JIN.xlsx
AB105,Juego con números,06_06_07,06_06_07_AB105_JIN.xlsx,06_06_07_AB1D_GP.xlsx
AA107,Exposición docente,06_07_01,06_07_01_AA107_JIN.xlsx,06_07_01_AA1D_JDA.xlsx
AA108,Exposición docente,06_07_01,06_07_01_AA108_MAC.xlsx,06_07_01_AA1D_JDA.xlsx
AA106,Dibujo/pintura,06_07_02,06_07_02_AA106_MAC.xlsx,06_07_02_AA1D_JIN.xlsx
AA104,Dibujo/pintura,06_07_03,06_07_03_AA104_JIN.xlsx,06_07_03_AA1D_JDA.xlsx
AA101,Dibujo/pintura,06_07_04,06_07_04_AA101_JDA.xlsx,06_07_04_AA1D_JIN.xlsx
AA103,Dibujo/pintura,06_07_04,06_07_04_AA103_MAC.xlsx,06_07_04_AA1D_JIN.xlsx
AA202,Exposición docente,06_07_05,06_07_05_AA202_JIN.xlsx,06_07_05_AA2D_MAC.xlsx
AA204,Juego libre,06_07_06,06_07_06_AA204_JIN.xlsx,06_07_06_AA2D_MAC.xlsx
AA202,Juego libre,06_07_07,06_07_07_AA202_MAC.xlsx,06_07_07_AA2D_JIN.xlsx
AA204,Juego libre,06_07_07,06_07_07_AA204_JDA.xlsx,06_07_07_AA2D_JIN.xlsx
BB13,Exposición docente,06_08_01,06_08_01_BB13_JDA.xlsx,06_08_01_BBD2_JIN.xlsx
BB15,Dibujo/pintura,06_08_02,06_08_02_BB15_JIN.xlsx,06_08_02_BBD2_JDA.xlsx
BB09,Dibujo/pintura,06_08_03,06_08_03_BB09_JDA.xlsx,06_08_03_BBD2_JIN.xlsx
BB13,Exposición docente,06_08_04,06_08_04_BB13_JIN.xlsx,06_08_04_BBD2_JDA.xlsx
BB02,Dibujo/pintura,06_08_05,06_08_05_BB02_JDA.xlsx,06_08_05_BBD2_JIN.xlsx
BB04,Juego libre,06_08_06,06_08_06_BB04_JIN.xlsx,06_08_06_BBD2_JDA.xlsx
BA201,Exposición docente,06_09_01,06_09_01_BA201_ZVT.xlsx,06_09_01_BA2D_MD.xlsx
BA202,Exposición docente,06_09_01,06_09_01_BA202_JIN.xlsx,06_09_01_BA2D_MD.xlsx
BA204,Juego con números,06_09_02,06_09_02_BA204_ZVT.xlsx,06_09_02_BA2D_JIN.xlsx
BA203,Juego con números,06_09_03,06_09_03_BA203_MD.xlsx,06_09_03_BA2D_JIN.xlsx
BA205,Exposición docente,06_09_04,06_09_04_BA205_JIN.xlsx,06_09_04_BA2D_ZVT.xlsx
AA105,Exposición docente,06_14_01,06_14_01_AA105_MAC.xlsx,06_14_01_AA1D_JIN.xlsx
AA103,Juego libre,06_14_02,06_14_02_AA103_JIN.xlsx,06_14_02_AA1D_MAC.xlsx
AA101,Juego libre,06_14_03,06_14_03_AA101_MAC.xlsx,06_14_03_AA1D_JIN.xlsx
AA106,Juego libre,06_14_04,06_14_04_AA106_JIN.xlsx,06_14_04_AA1D_MAC.xlsx
BB07,Exposición docente,06_15_01,06_15_01_BB07_JIN.xlsx,06_15_01_BBD2_JDA.xlsx
BB01,Juego libre,06_15_02,06_15_02_BB01_JDA.xlsx,06_15_02_BBD_JIN.xlsx
BB05,Exposición docente,06_15_03,06_15_03_BB05_JIN.xlsx,06_15_03_BBD_JDA.xlsx
BB06,Exposición docente,06_15_04,06_15_04_BB06_JDA.xlsx,06_15_04_BBD_JIN.xlsx
BB08,Exposición docente,06_15_05,06_15_05_BB08_JIN.xlsx,06_15_05_BBD_JDA.xlsx
BB11,Juego libre,06_15_06,06_15_06_BB11_JDA.xlsx,06_15_06_BBD_JIN.xlsx
BB14,Juego libre,06_15_07,06_15_07_BB14_JIN.xlsx,06_15_07_BBD_JDA.xlsx
BA105,Juego libre,06_16_01,06_16_01_BA105_JIN.xlsx,06_16_01_BA1D_MD.xlsx
BA104,Dibujo/pintura,06_16_02,06_16_02_BA104_MD.xlsx,06_16_02_BA1D_JIN.xlsx
BA103,Dibujo/pintura,06_16_03,06_16_03_BA103_ZVT.xlsx,06_16_03_BA1D_JIN.xlsx
BA105,Dibujo/pintura,06_16_04,06_16_04_BA105_JIN.xlsx,06_16_04_BA1D_ZVT.xlsx
BA104,Exposición docente,06_16_05,06_16_05_BA104_ZVT.xlsx,06_16_05_BA1D_JIN.xlsx
BA103,Exposición docente,06_16_06,06_16_06_BA103_MD.xlsx,06_16_06_BA1D_ZVT.xlsx
BA105,Exposición docente,06_16_06,06_16_06_BA105_JIN.xlsx,06_16_06_BA1D_ZVT.xlsx
BA103,Lectoescritura,06_16_07,06_16_07_BA103_JIN.xlsx,06_16_07_BA1D_ZVT.xlsx
BB12,Exposición docente,06_23_01,06_23_01_BB12_ZVT.xlsx,06_23_01_BBD_JIN.xlsx
BB13,Dibujo/pintura,06_23_02,06_23_02_BB13_JIN.xlsx,06_23_02_BBD_ZVT.xlsx
BB03,Dibujo/pintura,06_23_03,06_23_03_BB03_ZVT.xlsx,06_23_03_BBD_JIN.xlsx
BB10,Dibujo/pintura,06_23_04,06_23_04_BB10_ZVT.xlsx,06_23_04_BBD_JIN.xlsx
BB01,Exposición docente,06_23_05,06_23_05_BB01_JIN.xlsx,06_23_05_BBD_ZVT.xlsx
BB03,Exposición docente,06_23_06,06_23_06_BB03_JIN.xlsx,06_23_06_BBD_ZVT.xlsx
BB11,Exposición docente,06_23_07,06_23_07_BB11_ZVT.xlsx,06_23_07_BBD_JIN.xlsx
BB15,Juego libre,06_23_08,06_23_08_BB15_JIN.xlsx,06_23_08_BBD_ZVT.xlsx
BB14,Exposición docente,06_23_09,06_23_09_BB14_JIN.xlsx,06_23_09_BBD_MD.xlsx
BB06,Juego con números,06_23_10,06_23_10_BB06_MD.xlsx,06_23_10_BBD_JIN.xlsx
BB14,Juego con números,06_23_10,06_23_10_BB14_ZVT.xlsx,06_23_10_BBD_JIN.xlsx
AA101,Exposición docente,06_26_01,06_26_01_AA101_JIN.xlsx,06_26_01_AA1D_ADN.xlsx
AA104,Exposición docente,06_26_02,06_26_02_AA104_JIN.xlsx,06_26_02_AA1D_ADN.xlsx
AA104,Exposición docente,06_26_03,06_26_03_AA104_ADN.xlsx,06_26_03_AA1D_JIN.xlsx
AA106,Exposición docente,06_26_04,06_26_04_AA106_ADN.xlsx,06_26_04_AA1D_JIN.xlsx
AA101,Exposición docente,06_26_05,06_26_05_AA101_JIN.xlsx,06_26_05_AA1D_ADN.xlsx
AB205,Exposición docente,06_27_01,06_27_01_AB205_GP.xlsx,06_27_01_AB2D_JIN.xlsx
AB207,Juego con números,06_27_02,06_27_02_AB207_JIN.xlsx,06_27_02_AB2D_GP.xlsx
AB203,Juego con números,06_27_03,06_27_03_AB203_ZVT.xlsx,06_27_03_AB2D_JIN.xlsx
AB206,Juego con números,06_27_03,06_27_03_AB206_GP.xlsx,06_27_03_AB2D_JIN.xlsx
AB201,Juego con números,06_27_04,06_27_04_AB201_JIN.xlsx,06_27_04_AB2D_ZVT.xlsx
AB207,Juego con números,06_27_04,06_27_04_AB207_GP.xlsx,06_27_04_AB2D_ZVT.xlsx
AB202,Juego con números,06_27_05,06_27_05_AB202_ZVT.xlsx,06_27_05_AB2D_JIN.xlsx
AB205,Juego con números,06_27_06,06_27_06_AB205_GP.xlsx,06_27_06_AB2D_ZVT.xlsx
AB206,Juego con números,06_27_06,06_27_06_AB206_JIN.xlsx,06_27_06_AB2D_ZVT.xlsx
BB02,Exposición docente,06_29_01,06_29_01_BB02_ZVT.xlsx,06_29_01_BBD_GP.xlsx
BB04,Exposición docente,06_29_01,06_29_01_BB04_JIN.xlsx,06_29_01_BBD_GP.xlsx
BB16,Exposición docente,06_29_01,06_29_01_BB16_JDA.xlsx,06_29_01_BBD_GP.xlsx
BB05,Exposición docente,06_29_02,06_29_02_BB05_JDA.xlsx,06_29_02_BBD_JIN.xlsx
BB07,Exposición docente,06_29_02,06_29_02_BB07_GP.xlsx,06_29_02_BBD_JIN.xlsx
BB08,Exposición docente,06_29_03,06_29_03_BB08_JIN.xlsx,06_29_03_BBD_JDA.xlsx
BB09,Exposición docente,06_29_03,06_29_03_BB09_GP.xlsx,06_29_03_BBD_JDA.xlsx
BB07,Lectoescritura,06_29_04,06_29_04_BB07_ZVT.xlsx,06_29_04_BBD_JIN.xlsx
BB10,Lectoescritura,06_29_04,06_29_04_BB10_GP.xlsx,06_29_04_BBD_JIN.xlsx
BB12,Lectoescritura,06_29_05,06_29_05_BB12_GP.xlsx,06_29_05_BBD_ZVT.xlsx
BB16,Lectoescritura,06_29_05,06_29_05_BB16_JIN.xlsx,06_29_05_BBD_ZVT.xlsx
BB01,Lectoescritura,06_29_06,06_29_06_BB01_JDA.xlsx,06_29_06_BBD_GP.xlsx
BB04,Lectoescritura,06_29_06,06_29_06_BB04_ZVT.xlsx,06_29_06_BBD_GP.xlsx
BB05,Lectoescritura,06_29_06,06_29_06_BB05_JIN.xlsx,06_29_06_BBD_GP.xlsx
BA204,Dibujo/pintura,06_30_01,06_30_01_BA204_JIN.xlsx,06_30_01_BA2D_MD.xlsx
BA201,Dibujo/pintura,06_30_02,06_30_02_BA201_ZVT.xlsx,06_30_02_BA2D_JIN.xlsx
BA205,Dibujo/pintura,06_30_03,06_30_03_BA205_JIN.xlsx,06_30_03_BA2D_ZVT.xlsx
BA204,Dibujo/pintura,06_30_04,06_30_04_BA204_MD.xlsx,06_30_04_BA2D_JIN.xlsx
BA201,Dibujo/pintura,06_30_05,06_30_05_BA201_ZVT.xlsx,06_30_05_BA2D_JIN.xlsx
BA101,Exposición docente,06_30_06,06_30_06_BA101_MD.xlsx,06_30_06_BA1D_JIN.xlsx
BA102,Exposición docente,06_30_06,06_30_06_BA102_ZVT.xlsx,06_30_06_BA1D_JIN.xlsx
BA101,Juego libre,06_30_07,06_30_07_BA101_JIN.xlsx,06_30_07_BA1D_ZVT.xlsx
BA102,Juego libre,06_30_07,06_30_07_BA102_MD.xlsx,06_30_07_BA1D_ZVT.xlsx
BA104,Lectoescritura,06_30_08,06_30_08_BA104_MD.xlsx,06_30_08_BA1D_JIN.xlsx
BA105,Lectoescritura,06_30_08,06_30_08_BA105_ZVT.xlsx,06_30_08_BA1D_JIN.xlsx
AA203,Exposición docente,07_03_01,07_03_01_AA203_JIN.xlsx,07_03_01_AA2D_MD.xlsx
AA204,Exposición docente,07_03_02,07_03_02_AA204_MD.xlsx,07_03_02_AA2D_JIN.xlsx
AA202,Exposición docente,07_03_03,07_03_03_AA202_JIN.xlsx,07_03_03_AA2D_MD.xlsx
AA203,Exposición docente,07_03_04,07_03_04_AA203_MD.xlsx,07_03_04_AA2D_JIN.xlsx
AA107,Exposición docente,07_03_05,07_03_05_AA107_JIN.xlsx,07_03_05_AA1D_MD.xlsx
AA105,Exposición docente,07_03_06,07_03_06_AA105_MD.xlsx,07_03_06_AA1D_JIN.xlsx
AA105,Dibujo/pintura,07_03_07,07_03_07_AA105_MD.xlsx,07_03_07_AA1D_JIN.xlsx
AA203,Juego con números,07_03_08,07_03_08_AA203_MD.xlsx,07_03_08_AA2D_JIN.xlsx
AA202,Juego con números,07_03_09,07_03_09_AA202_JIN.xlsx,07_03_09_AA2D_MD.xlsx
AA203,Lectoescritura,07_03_10,07_03_10_AA203_MD.xlsx,07_03_10_AA2D_JIN.xlsx
AA202,Lectoescritura,07_03_11,07_03_11_AA202_MD.xlsx,07_03_11_AA2D_JIN.xlsx
BB07,Exposición docente,07_06_01,07_06_01_BB07_JDA.xlsx,07_06_01_BBD_JIN.xlsx
BB06,Juego libre,07_06_02,07_06_02_BB06_JIN.xlsx,07_06_02_BBD_JDA.xlsx
BB08,Juego libre,07_06_03,07_06_03_BB08_JIN.xlsx,07_06_03_BBD_JIN.xlsx
BB09,Exposición docente,07_06_04,07_06_04_BB09_JIN.xlsx,07_06_04_BBD_JDA.xlsx
BB11,Lectoescritura,07_06_05,07_06_05_BB11_JDA.xlsx,07_06_05_BBD_JIN.xlsx
BB13,Lectoescritura,07_06_06,07_06_06_BB13_JIN.xlsx,07_06_06_BBD_JDA.xlsx
BB02,Lectoescritura,07_06_07,07_06_07_BB02_JDA.xlsx,07_06_07_BBD_JIN.xlsx
BB15,Lectoescritura,07_06_08,07_06_08_BB15_JIN.xlsx,07_06_08_BBD_JDA.xlsx
BB16,Exposición docente,07_06_09,07_06_09_BB16_JDA.xlsx,07_06_09_BBD_JIN.xlsx
BB12,Lectoescritura,07_06_10,07_06_10_BB12_JIN.xlsx,07_06_10_BBD_JDA.xlsx
AA108,Exposición docente,07_10_01,07_10_01_AA108_ZVT.xlsx,07_10_01_AA1D_JIN.xlsx
AA108,Dibujo/pintura,07_10_02,07_10_02_AA108_JIN.xlsx,07_10_02_AA1D_ZVT.xlsx
AA103,Dibujo/pintura,07_10_03,07_10_03_AA103_ZVT.xlsx,07_10_03_AA1D_JIN.xlsx
AA107,Dibujo/pintura,07_10_04,07_10_04_AA107_JIN.xlsx,07_10_04_AA1D_ZVT.xlsx
AA104,Juego libre,07_10_05,07_10_05_AA104_ZVT.xlsx,07_10_05_AA1D_JIN.xlsx
AA204,Exposición docente,07_10_06,07_10_06_AA204_JIN.xlsx,07_10_06_AA2D_ZVT.xlsx
AA203,Exposición docente,07_10_07,07_10_07_AA203_ZVT.xlsx,07_10_07_AA2D_JIN.xlsx
AA203,Dibujo/pintura,07_10_08,07_10_08_AA203_JIN.xlsx,07_10_08_AA2D_ZVT.xlsx
AA204,Dibujo/pintura,07_10_09,07_10_09_AA204_ZVT.xlsx,07_10_09_AA2D_JIN.xlsx
AB107,Exposición docente,07_11_01,07_11_01_AB107_GP.xlsx,07_11_01_AB1D2_JIN.xlsx
AB106,Dibujo/pintura,07_11_02,07_11_02_AB106_JIN.xlsx,07_11_02_AB1D2_GP.xlsx
AB110,Dibujo/pintura,07_11_03,07_11_03_AB110_JIN.xlsx,07_11_03_AB1D2_ZVT.xlsx
AB101,Juego libre,07_11_04,07_11_04_AB101_ZVT.xlsx,07_11_04_AB1D2_JIN.xlsx
AB103,Juego libre,07_11_05,07_11_05_AB103_GP.xlsx,07_11_05_AB1D2_JIN.xlsx
AB105,Juego libre,07_11_06,07_11_06_AB105_JIN.xlsx,07_11_06_AB1D2_GP.xlsx
AB106,Juego libre,07_11_07,07_11_07_AB106_GP.xlsx,07_11_07_AB1D2_JIN.xlsx
AB102,Juego libre,07_11_08,07_11_08_AB102_GP.xlsx,07_11_08_AB1D2_JIN.xlsx
AB107,Juego libre,07_11_09,07_11_09_AB107_ZVT.xlsx,07_11_09_AB1D2_JIN.xlsx
AB108,Juego libre,07_11_09,07_11_09_AB108_GP.xlsx,07_11_09_AB1D2_JIN.xlsx
BB01,Exposición docente,07_13_01,07_13_01_BB01_ZVT.xlsx,07_13_01_BBD_JIN.xlsx
BB04,Dibujo/pintura,07_13_02,07_13_02_BB04_JIN.xlsx,07_13_02_BBD_ZVT.xlsx
BB06,Dibujo/pintura,07_13_03,07_13_03_BB06_ZVT.xlsx,07_13_03_BBD_JIN.xlsx
BB09,Dibujo/pintura,07_13_04,07_13_04_BB09_JIN.xlsx,07_13_04_BBD_ZVT.xlsx
BB12,Dibujo/pintura,07_13_05,07_13_05_BB12_ZVT.xlsx,07_13_05_BBD_JIN.xlsx
BB11,Juego libre,07_13_06,07_13_06_BB11_JIN.xlsx,07_13_06_BBD_ZVT.xlsx
BB13,Dibujo/pintura,07_13_07,07_13_07_BB13_ZVT.xlsx,07_13_07_BBD_JIN.xlsx
AB202,Juego libre,08_01_01,08_01_01_AB202_ADN.xlsx,08_01_01_AB2D_JIN.xlsx
AB207,Juego libre,08_01_01,08_01_01_AB207_MAC.xlsx,08_01_01_AB2D_JIN.xlsx
AB207,Exposición docente,08_01_02,08_01_02_AB207_JIN.xlsx,08_01_02_AB2D_ADN.xlsx
AB205,Exposición docente,08_01_03,08_01_03_AB205_JDA.xlsx,08_01_03_AB2D_JIN.xlsx
AB206,Exposición docente,08_01_03,08_01_03_AB206_ADN.xlsx,08_01_03_AB2D_JIN.xlsx
AB203,Dibujo/pintura,08_01_04,08_01_04_AB203_JIN.xlsx,08_01_04_AB2D_ADN.xlsx
AB202,Dibujo/pintura,08_01_05,08_01_05_AB202_ADN.xlsx,08_01_05_AB2D_JIN.xlsx
AB205,Dibujo/pintura,08_01_05,08_01_05_AB205_MAC.xlsx,08_01_05_AB2D_JIN.xlsx
AB206,Dibujo/pintura,08_01_05,08_01_05_AB206_JDA.xlsx,08_01_05_AB2D_JIN.xlsx
AB203,Dibujo/pintura,08_01_06,08_01_06_AB203_ADN.xlsx,08_01_06_AB2D_JIN.xlsx
AB207,Dibujo/pintura,08_01_06,08_01_06_AB207_JDA.xlsx,08_01_06_AB2D_JIN.xlsx
BB03,Dibujo/pintura,08_03_01,08_03_01_BB03_ZVT.xlsx,08_03_01_BBD3_JDA.xlsx
BB14,Dibujo/pintura,08_03_01,08_03_01_BB14_JIN.xlsx,08_03_01_BBD3_JDA.xlsx
BB15,Exposición docente,08_03_02,08_03_02_BB15_ZVT.xlsx,08_03_02_BBD3_JIN.xlsx
BB03,Exposición docente,08_03_03,08_03_03_BB03_ZVT.xlsx,08_03_03_BBD3_JIN.xlsx
BA202,Juego con números,08_04_01,08_04_01_BA202_MAC.xlsx,08_04_01_BA2D_JIN.xlsx
BA203,Juego con números,08_04_01,08_04_01_BA203_GP.xlsx,08_04_01_BA2D_JIN.xlsx
BA201,Juego con números,08_04_02,08_04_02_BA201_JIN.xlsx,08_04_02_BA2D_GP.xlsx
BA202,Exposición docente,08_04_03,08_04_03_BA202_GP.xlsx,08_04_03_AB2D_JIN.xlsx
BA204,Exposición docente,08_04_03,08_04_03_BA204_MAC.xlsx,08_04_03_AB2D_JIN.xlsx
BA203,Juego con números,08_04_04,08_04_04_BA203_JIN.xlsx,08_04_04_BA2D_MAC.xlsx
BA204,Exposición docente,08_04_05,08_04_05_BA204_JIN.xlsx,08_04_05_BA2D_GP.xlsx
BA202,Juego libre,08_04_06,08_04_06_BA202_MAC.xlsx,08_04_06_BA2D_JIN.xlsx
BA205,Juego libre,08_04_06,08_04_06_BA205_GP.xlsx,08_04_06_BA2D_JIN.xlsx
BA203,Lectoescritura,08_04_07,08_04_07_BA203_JIN.xlsx,08_04_07_BA2D_MAC.xlsx
BA204,Juego libre,08_04_07,08_04_07_BA204_GP.xlsx,08_04_07_BA2D_MAC.xlsx
AB101,Exposición docente,08_08_01,08_08_01_AB101_JIN.xlsx,08_08_01_AB1D_JDA.xlsx
AB103,Lectoescritura,08_08_02,08_08_02_AB103_MAC.xlsx,08_08_02_AB1D_JIN.xlsx
AB109,Lectoescritura,08_08_02,08_08_02_AB109_JDA.xlsx,08_08_02_AB1D_JIN.xlsx
AB109,Juego con números,08_08_03,08_08_03_AB109_JIN.xlsx,08_08_03_AB1D_MAC.xlsx
AB110,Juego con números,08_08_03,08_08_03_AB110_JDA.xlsx,08_08_03_AB1D_MAC.xlsx
AB106,Exposición docente,08_08_04,08_08_04_AB106_JIN.xlsx,08_08_04_AB1D_JDA.xlsx
AB109,Exposición docente,08_08_04,08_08_04_AB109_MAC.xlsx,08_08_04_AB1D_JDA.xlsx
AB201,Juego libre,08_08_05,08_08_05_AB201_JDA.xlsx,08_08_05_AB2D2_JIN.xlsx
AB204,Juego libre,08_08_05,08_08_05_AB204_MAC.xlsx,08_08_05_AB2D2_JIN.xlsx
AB205,Juego libre,08_08_06,08_08_06_AB205_JDA.xlsx,08_08_06_AB2D2_JIN.xlsx
AB206,Juego libre,08_08_06,08_08_06_AB206_MAC.xlsx,08_08_06_AB2D2_JIN.xlsx
AB203,Juego libre,08_08_07,08_08_07_AB203_MAC.xlsx,08_08_07_AB2D2_JIN.xlsx
AB204,Juego libre,08_08_07,08_08_07_AB204_JDA.xlsx,08_08_07_AB2D2_JIN.xlsx
AA102,Dibujo/pintura,08_09_01,08_09_01_AA102_MAC.xlsx,08_09_01_AA1D_JIN.xlsx
AA105,Dibujo/pintura,08_09_01,08_09_01_AA105_ZVT.xlsx,08_09_01_AA1D_JIN.xlsx
AA103,Juego libre,08_09_02,08_09_02_AA103_JIN.xlsx,08_09_02_AA1D_ZVT.xlsx
AA105,Juego libre,08_09_02,08_09_02_AA105_MAC.xlsx,08_09_02_AA1D_ZVT.xlsx
AA102,Exposición docente,08_09_03,08_09_03_AA102_ZVT.xlsx,08_09_03_AA1D_MAC.xlsx
AA104,Exposición docente,08_09_03,08_09_03_AA104_JIN.xlsx,08_09_03_AA1D_MAC.xlsx
AA106,Exposición docente,08_09_04,08_09_04_AA106_MAC.xlsx,08_09_04_AA1D_JIN.xlsx
AA108,Exposición docente,08_09_04,08_09_04_AA108_ZVT.xlsx,08_09_04_AA1D_JIN.xlsx
BB02,Exposición docente,08_10_01,08_10_01_BB02_JDA.xlsx,08_10_01_BBD_JIN.xlsx
BB06,Exposición docente,08_10_01,08_10_01_BB06_GP.xlsx,08_10_01_BBD_JIN.xlsx
BB04,Exposición docente,08_10_02,08_10_02_BB04_JIN.xlsx,08_10_02_BBD_GP.xlsx
BB11,Exposición docente,08_10_03,08_10_03_BB11_GP.xlsx,08_10_03_BBD_JIN.xlsx
BB12,Exposición docente,08_10_04,08_10_04_BB12_JIN.xlsx,08_10_04_BBD_GP.xlsx
BB14,Exposición docente,08_10_05,08_10_05_BB14_GP.xlsx,08_10_05_BBD_JIN.xlsx
BB07,Dibujo/pintura,08_10_06,08_10_06_BB07_JIN.xlsx,08_10_06_BBD_GP.xlsx
BB16,Dibujo/pintura,08_10_07,08_10_07_BB16_GP.xlsx,08_10_07_BBD_JIN.xlsx
BB01,Dibujo/pintura,08_10_08,08_10_08_BB01_JIN.xlsx,08_10_08_BBD_GP.xlsx
BB09,Juego libre,08_10_09,08_10_09_BB09_GP.xlsx,08_10_09_BBD_JIN.xlsx
BB07,Juego libre,08_10_10,08_10_10_BB07_JDA.xlsx,08_10_10_BBD_JIN.xlsx
BB13,Juego libre,08_10_10,08_10_10_BB13_GP.xlsx,08_10_10_BBD_JIN.xlsx
BB15,Juego libre,08_10_11,08_10_11_BB15_GP.xlsx,08_10_11_BBD_JIN.xlsx
BB16,Juego libre,08_10_11,08_10_11_BB16_JDA.xlsx,08_10_11_BBD_JIN.xlsx
BA201,Juego libre,08_11_01,08_11_01_BA201_GP.xlsx,08_11_01_BA2D2_JIN.xlsx
BA202,Juego libre,08_11_02,08_11_02_BA202_GP.xlsx,08_11_02_BA2D2_JIN.xlsx
BA205,Juego libre,08_11_03,08_11_03_BA205_JIN.xlsx,08_11_03_BA2D2_GP.xlsx
BA203,Juego libre,08_11_04,08_11_04_BA203_JIN.xlsx,08_11_04_BA2D2_GP.xlsx
BA101,Exposición docente,08_11_05,08_11_05_BA101_GP.xlsx,08_11_05_BA1D_JIN.xlsx
BA104,Exposición docente,08_11_06,08_11_06_BA104_JIN.xlsx,08_11_06_BA1D_GP.xlsx
BA101,Dibujo/pintura,08_11_07,08_11_07_BA101_JIN.xlsx,08_11_07_BA1D_GP.xlsx
BA104,Exposición docente,08_11_08,08_11_08_BA104_GP.xlsx,08_11_08_BA1D_JIN.xlsx
BA101,Exposición docente,08_11_09,08_11_09_BA101_GP.xlsx,08_11_09_BA1D_JIN.xlsx
AB103,Exposición docente,08_15_01,08_15_01_AB103_MAC.xlsx,08_15_01_AB1D_GP.xlsx
AB105,Exposición docente,08_15_01,08_15_01_AB105_JIN.xlsx,08_15_01_AB1D_GP.xlsx
AB108,Dibujo/pintura,08_15_02,08_15_02_AB108_GP.xlsx,08_15_02_AB1D_JIN.xlsx
AB107,Exposición docente,08_15_03,08_15_03_AB107_JIN.xlsx,08_15_03_AB1D_GP.xlsx
AB109,Exposición docente,08_15_04,08_15_04_AB109_GP.xlsx,08_15_04_AB1D_JIN.xlsx
AB202,Exposición docente,08_15_05,08_15_05_AB202_JIN.xlsx,08_15_05_AB2D_GP.xlsx
AB204,Juego con números,08_15_06,08_15_06_AB204_JIN.xlsx,08_15_06_AB2D_GP.xlsx
AB201,Exposición docente,08_15_07,08_15_07_AB201_GP.xlsx,08_15_07_AB2D_JIN.xlsx
AB110,Exposición docente,08_15_08,08_15_08_AB110_GP.xlsx,08_15_08_AB1D_JIN.xlsx
AB101,Exposición docente,08_15_09,08_15_09_AB101_GP.xlsx,08_15_09_AB1D_JIN.xlsx
AA103,Exposición docente,08_16_01,08_16_01_AA103_JIN.xlsx,08_16_01_AA1D_ZVT.xlsx
BB10,Exposición docente,08_17_01,08_17_01_BB10_GP.xlsx,08_17_01_BBD_JIN.xlsx
BB05,Lectoescritura,08_17_02,08_17_02_BB05_JDA.xlsx,08_17_02_BBD_GP.xlsx
BB10,Lectoescritura,08_17_02,08_17_02_BB10_JIN.xlsx,08_17_02_BBD_GP.xlsx
BB05,Dibujo/pintura,08_17_03,08_17_03_BB05_JIN.xlsx,08_17_03_BBD_JDA.xlsx
BB10,Dibujo/pintura,08_17_03,08_17_03_BB10_GP.xlsx,08_17_03_BBD_JDA.xlsx
BB11,Dibujo/pintura,08_17_04,08_17_04_BB11_JDA.xlsx,08_17_04_BBD_JIN.xlsx
BB02,Exposición docente,08_17_05,08_17_05_BB02_GP.xlsx,08_17_05_BBD_JIN.xlsx
BB06,Juego libre,08_17_06,08_17_06_BB06_JIN.xlsx,08_17_06_BBD_JDA.xlsx
BB12,Juego libre,08_17_06,08_17_06_BB12_GP.xlsx,08_17_06_BBD_JDA.xlsx
BA102,Exposición docente,08_18_01,08_18_01_BA102_JIN.xlsx,08_18_01_BA1D_JIN.xlsx
BA105,Lectoescritura,08_18_02,08_18_02_BA105_JIN.xlsx,08_18_02_BA1D_GP.xlsx
BA102,Lectoescritura,08_18_03,08_18_03_BA102_GP.xlsx,08_18_03_BA1D_JIN.xlsx
BA105,Exposición docente,08_18_04,08_18_04_BA105_GP.xlsx,08_18_04_BA1D_JIN.xlsx
BA102,Exposición docente,08_18_05,08_18_05_BA102_JIN.xlsx,08_18_05_BA1D_GP.xlsx
AB102,Exposición docente,08_22_01,08_22_01_AB102_JIN.xlsx,08_22_01_AB1D_JIN.xlsx
AB105,Exposición docente,08_22_02,08_22_02_AB105_MAC.xlsx,08_22_02_AB1D_JDA.xlsx
AB106,Exposición docente,08_22_02,08_22_02_AB106_JIN.xlsx,08_22_02_AB1D_JDA.xlsx
AB102,Exposición docente,08_22_03,08_22_03_AB102_JDA.xlsx,08_22_03_AB1D_MAC.xlsx
AB108,Exposición docente,08_22_03,08_22_03_AB108_JIN.xlsx,08_22_03_AB1D_MAC.xlsx
AB107,Juego con números,08_22_04,08_22_04_AB107_JDA.xlsx,08_22_04_AB1D_JIN.xlsx
AB109,Juego con números,08_22_04,08_22_04_AB109_MAC.xlsx,08_22_04_AB1D_JIN.xlsx
AB102,Juego con números,08_22_05,08_22_05_AB102_JIN.xlsx,08_22_05_AB1D_JDA.xlsx
AB110,Juego con números,08_22_05,08_22_05_AB110_MAC.xlsx,08_22_05_AB1D_JDA.xlsx
AB203,Exposición docente,08_22_06,08_22_06_AB203_JDA.xlsx,08_22_06_AB2D_MAC.xlsx
AB207,Exposición docente,08_22_06,08_22_06_AB207_JIN.xlsx,08_22_06_AB2D_MAC.xlsx
AB201,Juego con números,08_22_07,08_22_07_AB201_JIN.xlsx,08_22_07_AB2D_JDA.xlsx
AB206,Juego con números,08_22_07,08_22_07_AB206_MAC.xlsx,08_22_07_AB2D_JDA.xlsx
AB103,Exposición docente,08_22_08,08_22_08_AB103_MAC.xlsx,08_22_08_AB1D_JIN.xlsx
AB105,Exposición docente,08_22_08,08_22_08_AB105_JDA.xlsx,08_22_08_AB1D_JIN.xlsx
AB106,Exposición docente,08_22_09,08_22_09_AB106_JIN.xlsx,08_22_09_AB1D_JDA.xlsx
AB107,Exposición docente,08_22_09,08_22_09_AB107_MAC.xlsx,08_22_09_AB1D_JDA.xlsx
AB108,Juego libre,08_22_10,08_22_10_AB108_JDA.xlsx,08_22_10_AB1D_JIN.xlsx
AB109,Juego libre,08_22_10,08_22_10_AB109_MAC.xlsx,08_22_10_AB1D_JIN.xlsx
AB110,Juego libre,08_22_10,08_22_10_AB110_JIN.xlsx,08_22_10_AB1D_JIN.xlsx
BC103,Juego con números,240503_01,240503_01_BC103_LL.XLSX,240503_01_BC1D_JIN.XLSX
BC110,Juego con números,240503_02,240503_02_BC110_LL.XLSX,240503_02_BC1D_JIN.XLSX
BC104,Juego con números,240503_03,240503_03_BC104_SC.XLSX,240503_03_BC1D_JIN.XLSX
AA301,Exposición docente,240506_01,240506_01_AA301_PVM.XLSX,240506_01_AA1D_JIN.XLSX
AA302,Exposición docente,240506_01,240506_01_AA302_LL.XLSX,240506_01_AA1D_JIN.XLSX
AA304,Lectoescritura,240506_02,240506_02_AA304_PVM.XLSX,240506_02_AA1D_JIN.XLSX
AA306,Lectoescritura,240506_02,240506_02_AA306_LM.XLSX,240506_02_AA1D_JIN.XLSX
AA303,Lectoescritura,240506_03,240506_03_AA303_LM.XLSX,240506_03_AA1D_JIN.XLSX
AA305,Lectoescritura,240506_03,240506_03_AA305_PVM.XLSX,240506_03_AA1D_JIN.XLSX
AB404,Exposición docente,240507_01,240507_01_AB404_KL.XLSX,240507_01_AB4D_JIN.XLSX
BC101,Exposición docente,240510_01,240510_01_BC101_AB.XLSX,240510_01_BC1D_JIN.XLSX
BC102,Exposición docente,240510_01,240510_01_BC102_SC.XLSX,240510_01_BC1D_JIN.XLSX
BC105,Exposición docente,240510_01,240510_01_BC105_SZ.XLSX,240510_01_BC1D_JIN.XLSX
BC107,Exposición docente,240510_02,240510_02_BC107_AB.XLSX,240510_02_BC1D_JIN.XLSX
BC111,Exposición docente,240510_02,240510_02_BC111_SC.XLSX,240510_02_BC1D_JIN.XLSX
BC113,Exposición docente,240510_02,240510_02_BC113_SZ.XLSX,240510_02_BC1D_JIN.XLSX
BC104,Lectoescritura,240510_03,240510_03_BC104_SC.XLSX,240510_03_BC1D_JIN.XLSX
BC106,Lectoescritura,240510_03,240510_03_BC106_SZ.XLSX,240510_03_BC1D_JIN.XLSX
BC108,Lectoescritura,240510_03,240510_03_BC108_AB.XLSX,240510_03_BC1D_JIN.XLSX
BC108,Lectoescritura,240510_04,240510_04_BC108_SC.XLSX,240510_04_BC1D_JIN.XLSX
BC110,Lectoescritura,240510_04,240510_04_BC110_SZ.XLSX,240510_04_BC1D_JIN.XLSX
BC101,Juego libre,240510_05,240510_05_BC101_SZ.XLSX,240510_05_BC1D_JIN.XLSX
BC103,Juego libre,240510_05,240510_05_BC103_SC.XLSX,240510_05_BC1D_JIN.XLSX
BC102,Juego libre,240510_06,240510_06_BC102_AB.XLSX,240510_06_BC1D_JIN.XLSX
BC108,Juego libre,240510_06,240510_06_BC108_SZ.XLSX,240510_06_BC1D_JIN.XLSX
BC109,Juego libre,240510_06,240510_06_BC109_SC.XLSX,240510_06_BC1D_JIN.XLSX
BC102,Exposición docente,240510_07,240510_07_BC102_SZ.XLSX,240510_07_BC1D_JIN.XLSX
BC106,Exposición docente,240510_07,240510_07_BC106_AB.XLSX,240510_07_BC1D_JIN.XLSX
BC110,Exposición docente,240510_07,240510_07_BC110_SC.XLSX,240510_07_BC1D_JIN.XLSX
AA402,Exposición docente,240513_01,240513_01_AA402_LL.XLSX,240513_01_AA4D_JIN.XLSX
AA408,Exposición docente,240513_01,240513_01_AA408_LM.XLSX,240513_01_AA4D_JIN.XLSX
AA411,Exposición docente,240513_01,240513_01_AA411_PVM.XLSX,240513_01_AA4D_JIN.XLSX
AA403,Exposición docente,240513_02,240513_02_AA403_LM.XLSX,240513_02_AA4D_JIN.XLSX
AA404,Exposición docente,240513_02,240513_02_AA404_LL.XLSX,240513_02_AA4D_JIN.XLSX
AA405,Exposición docente,240513_02,240513_02_AA405_PVM.XLSX,240513_02_AA4D_JIN.XLSX
AA401,Exposición docente,240513_03,240513_03_AA401_PVM.XLSX,240513_03_AA4D_JIN.XLSX
AA406,Exposición docente,240513_03,240513_03_AA406_LM.XLSX,240513_03_AA4D_JIN.XLSX
AA407,Dibujo/pintura,240513_04,240513_04_AA407_LM.XLSX,240513_04_AA4D_JIN.XLSX
AA409,Dibujo/pintura,240513_04,240513_04_AA409_PVM.XLSX,240513_04_AA4D_JIN.XLSX
AA412,Dibujo/pintura,240513_04,240513_04_AA412_LL.XLSX,240513_04_AA4D_JIN.XLSX
AA303,Exposición docente,240513_05,240513_05_AA303_PVM.XLSX,240513_05_AA1D_JIN.XLSX
AA304,Exposición docente,240513_05,240513_05_AA304_LL.XLSX,240513_05_AA1D_JIN.XLSX
AA306,Exposición docente,240513_05,240513_05_AA306_LM.XLSX,240513_05_AA1D_JIN.XLSX
AB406,Exposición docente,240514_01,240514_01_AB406_AB.XLSX,240514_01_AA4D_JIN.XLSX
AB410,Exposición docente,240514_02,240514_02_AB410_AB.XLSX,240514_02_AB4D_JIN.XLSX
AB401,Dibujo/pintura,240514_03,240514_03_AB401_KL.XLSX,240514_03_AA4D_JIN.XLSX
AB402,Dibujo/pintura,240514_03,240514_03_AB402_AB.XLSX,240514_03_AA4D_JIN.XLSX
AB403,Dibujo/pintura,240514_04,240514_04_AB403_AB.XLSX,240514_04_AA4D_JIN.XLSX
AB405,Dibujo/pintura,240514_04,240514_04_AB405_KL.XLSX,240514_04_AA4D_JIN.XLSX
AB408,Dibujo/pintura,240514_05,240514_05_AB408_KL.XLSX,240514_05_AA4D_JIN.XLSX
AB407,Juego libre,240514_06,240514_06_AB407_KL.XLSX,240514_06_AA4D_JIN.XLSX
AB409,Juego libre,240514_06,240514_06_AB409_AB.XLSX,240514_06_AA4D_JIN.XLSX
BA301,Juego libre,240515_01,240515_01_BA301_SC.XLSX,240515_01_BA4D_JIN.XLSX
BA302,Juego libre,240515_01,240515_01_BA302_LL.XLSX,240515_01_BA4D_JIN.XLSX
BA307,Juego libre,240515_02,240515_02_BA307_LL.XLSX,240515_02_BA4D_JIN.XLSX
BA309,Juego libre,240515_02,240515_02_BA309_JF.XLSX,240515_02_BA4D_JIN.XLSX
BA316,Juego libre,240515_02,240515_02_BA316_SC.XLSX,240515_02_BA4D_JIN.XLSX
BA313,Juego libre,240515_03,240515_03_BA313_LL.XLSX,240515_03_BA4D_JIN.XLSX
BA317,Juego libre,240515_03,240515_03_BA317_SC.XLSX,240515_03_BA4D_JIN.XLSX
BA310,Juego libre,240515_04,240515_04_BA310_JF.XLSX,240515_04_BA4D_JIN.XLSX
BA311,Juego libre,240515_04,240515_04_BA311_SC.XLSX,240515_04_BA4D_JIN.XLSX
BA318,Juego libre,240515_04,240515_04_BA318_LL.XLSX,240515_04_BA4D_JIN.XLSX
BA308,Juego libre,240515_05,240515_05_BA308_SC.XLSX,240515_05_BA4D_JIN.XLSX
BA312,Juego libre,240515_05,240515_05_BA312_LL.XLSX,240515_05_BA4D_JIN.XLSX
BB206,Juego libre,240516_01,240516_01_BB206_GA.XLSX,240516_01_BBXD_JIN.XLSX
BB221,Juego libre,240516_01,240516_01_BB221_KL.XLSX,240516_01_BBXD_JIN.XLSX
BB212,Juego libre,240516_02,240516_02_BB212_KL.XLSX,240516_02_BBXD_JIN.XLSX
BB213,Juego libre,240516_02,240516_02_BB213_GA.XLSX,240516_02_BBXD_JIN.XLSX
BB203,Exposición docente,240516_03,240516_03_BB203_GA.XLSX,240516_03_BBXD_JIN.XLSX
BB215,Exposición docente,240516_03,240516_03_BB215_KL.XLSX,240516_03_BBXD_JIN.XLSX
BB202,Exposición docente,240516_04,240516_04_BB202_KL.XLSX,240516_04_BBXD_JIN.XLSX
BB208,Exposición docente,240516_04,240516_04_BB208_GA.XLSX,240516_04_BBXD_JIN.XLSX
BB205,Exposición docente,240516_05,240516_05_BB205_GA.XLSX,240516_05_BBXD_JIN.XLSX
BC109,Exposición docente,240517_01,240517_01_BC109_SZ.XLSX,240517_01_BC1D_JIN.XLSX
BC112,Exposición docente,240517_01,240517_01_BC112_SC.XLSX,240517_01_BC1D_JIN.XLSX
BC115,Exposición docente,240517_01,240517_01_BC115_AB.XLSX,240517_01_BC1D_JIN.XLSX
BC103,Exposición docente,240517_02,240517_02_BC103_SC.XLSX,240517_02_BC1D_JIN.XLSX
BC104,Exposición docente,240517_02,240517_02_BC104_SZ.XLSX,240517_02_BC1D_JIN.XLSX
BC107,Dibujo/pintura,240517_03,240517_03_BC107_SZ.XLSX,240517_03_BC1D_JIN.XLSX
BC108,Exposición docente,240517_03,240517_03_BC108_SC.XLSX,240517_03_BC1D_JIN.XLSX
BC113,Exposición docente,240517_03,240517_03_BC113_AB.XLSX,240517_03_BC1D_JIN.XLSX
BC106,Juego libre,240517_04,240517_04_BC106_SZ.XLSX,240517_04_BC1D_JIN.XLSX
BC112,Juego libre,240517_04,240517_04_BC112_AB.XLSX,240517_04_BC1D_JIN.XLSX
BC115,Juego libre,240517_04,240517_04_BC115_SC.XLSX,240517_04_BC1D_JIN.XLSX
BC107,Juego libre,240517_05,240517_05_BC107_SC.XLSX,240517_05_BC1D_JIN.XLSX
BC110,Juego libre,240517_05,240517_05_BC110_AB.XLSX,240517_05_BC1D_JIN.XLSX
BC113,Juego libre,240517_05,240517_05_BC113_SZ.XLSX,240517_05_BC1D_JIN.XLSX
AB301,Exposición docente,240521_01,240521_01_AB301_LM.XLSX,240521_01_AB6D_JIN.XLSX
AB303,Exposición docente,240521_01,240521_01_AB303_KL.XLSX,240521_01_AB6D_JIN.XLSX
AB308,Exposición docente,240521_01,240521_01_AB308_PVM.XLSX,240521_01_AB6D_JIN.XLSX
AB302,Dibujo/pintura,240521_02,240521_02_AB302_PVM.XLSX,240521_02_AB6D_JIN.XLSX
AB304,Dibujo/pintura,240521_02,240521_02_AB304_LM.XLSX,240521_02_AB6D_JIN.XLSX
AB305,Dibujo/pintura,240521_02,240521_02_AB305_KL.XLSX,240521_02_AB6D_JIN.XLSX
AB306,Dibujo/pintura,240521_03,240521_03_AB306_PVM.XLSX,240521_03_AB6D_JIN.XLSX
AB307,Dibujo/pintura,240521_03,240521_03_AB307_LM.XLSX,240521_03_AB6D_JIN.XLSX
AB315,Dibujo/pintura,240521_03,240521_03_AB315_KL.XLSX,240521_03_AB6D_JIN.XLSX
AB407,Exposición docente,240521_04,240521_04_AB407_KL.XLSX,240521_04_AB7D_JIN.XLSX
AB409,Exposición docente,240521_04,240521_04_AB409_PVM.XLSX,240521_04_AB7D_JIN.XLSX
AB404,Dibujo/pintura,240521_05,240521_05_AB404_PVM.XLSX,240521_05_AB7D_JIN.XLSX
AB406,Dibujo/pintura,240521_05,240521_05_AB406_LM.XLSX,240521_05_AB7D_JIN.XLSX
AB410,Dibujo/pintura,240521_05,240521_05_AB410_KL.XLSX,240521_05_AB7D_JIN.XLSX
AB309,Exposición docente,240521_06,240521_06_AB309_PVM.XLSX,240521_06_AB6D_JIN.XLSX
AB310,Exposición docente,240521_06,240521_06_AB310_KL.XLSX,240521_06_AB6D_JIN.XLSX
AB311,Exposición docente,240521_06,240521_06_AB311_LM.XLSX,240521_06_AB6D_JIN.XLSX
AB312,Exposición docente,240521_07,240521_07_AB312_LM.XLSX,240521_07_AB6D_JIN.XLSX
AB313,Exposición docente,240521_07,240521_07_AB313_KL.XLSX,240521_07_AB6D_JIN.XLSX
AB314,Exposición docente,240521_07,240521_07_AB314_PVM.XLSX,240521_07_AB6D_JIN.XLSX
AB301,Juego libre,240521_08,240521_08_AB301_PVM.XLSX,240521_08_AB6D_JIN.XLSX
AB303,Juego libre,240521_08,240521_08_AB303_LM.XLSX,240521_08_AB6D_JIN.XLSX
AB308,Juego libre,240521_08,240521_08_AB308_KL.XLSX,240521_08_AB6D_JIN.XLSX
BA303,Exposición docente,240522_01,240522_01_BA303_GA.XLSX,240522_01_BA5D_JIN.XLSX
BA305,Exposición docente,240522_01,240522_01_BA305_SZ.XLSX,240522_01_BA5D_JIN.XLSX
BA306,Exposición docente,240522_02,240522_02_BA306_GA.XLSX,240522_02_BA5D_JIN.XLSX
BA314,Exposición docente,240522_02,240522_02_BA314_SZ.XLSX,240522_02_BA5D_JIN.XLSX
BA301,Juego libre,240522_03,240522_03_BA301_SZ.XLSX,240522_03_BA3D_JIN.XLSX
BA302,Juego libre,240522_03,240522_03_BA302_GA.XLSX,240522_03_BA3D_JIN.XLSX
BA303,Juego libre,240522_04,240522_04_BA303_GA.XLSX,240522_04_BA3D_JIN.XLSX
BA304,Exposición docente,240522_05,240522_05_BA304_GA.XLSX,240522_05_BA3D_JIN.XLSX
BA307,Exposición docente,240522_05,240522_05_BA307_SZ.XLSX,240522_05_BA3D_JIN.XLSX
BA308,Exposición docente,240522_06,240522_06_BA308_GA.XLSX,240522_06_BA3D_JIN.XLSX
BA310,Exposición docente,240522_06,240522_06_BA310_SZ.XLSX,240522_06_BA3D_JIN.XLSX
BA309,Exposición docente,240522_07,240522_07_BA309_GA.XLSX,240522_07_BA3D_JIN.XLSX
BB201,Exposición docente,240523_01,240523_01_BB201_KL.XLSX,240523_01_BB3D_JIN.XLSX
BB207,Juego libre,240523_02,240523_02_BB207_SC.XLSX,240523_02_BB3D_JIN.XLSX
BB209,Juego libre,240523_02,240523_02_BB209_GA.XLSX,240523_02_BB3D_JIN.XLSX
BB210,Juego libre,240523_02,240523_02_BB210_KL.XLSX,240523_02_BB3D_JIN.XLSX
BB217,Juego libre,240523_03,240523_03_BB217_GA.XLSX,240523_03_BB3D_JIN.XLSX
BB220,Juego libre,240523_03,240523_03_BB220_KL.XLSX,240523_03_BB3D_JIN.XLSX
BB214,Juego libre,240523_04,240523_04_BB214_SC.XLSX,240523_04_BB3D_JIN.XLSX
BB216,Juego libre,240523_04,240523_04_BB216_GA.XLSX,240523_04_BB3D_JIN.XLSX
BB219,Juego libre,240523_04,240523_04_BB219_KL.XLSX,240523_04_BB3D_JIN.XLSX
BB208,Dibujo/pintura,240523_05,240523_05_BB208_GA.XLSX,240523_05_BB3D_JIN.XLSX
BB210,Dibujo/pintura,240523_05,240523_05_BB210_SC.XLSX,240523_05_BB3D_JIN.XLSX
BB215,Juego libre,240523_05,240523_05_BB215_KL.XLSX,240523_05_BB3D_JIN.XLSX
BB201,Juego libre,240523_06,240523_06_BB201_GA.XLSX,240523_06_BB3D_JIN.XLSX
BB202,Juego libre,240523_06,240523_06_BB202_SC.XLSX,240523_06_BB3D_JIN.XLSX
BB203,Dibujo/pintura,240523_06,240523_06_BB203_KL.XLSX,240523_06_BB3D_JIN.XLSX
BC101,Exposición docente,240524_01,240524_01_BC101_SC.XLSX,240524_01_BC1D_JIN.XLSX
BC111,Exposición docente,240524_01,240524_01_BC111_SZ.XLSX,240524_01_BC1D_JIN.XLSX
BC109,Dibujo/pintura,240524_02,240524_02_BC109_SZ.XLSX,240524_02_BC1D_JIN.XLSX
BC112,Dibujo/pintura,240524_02,240524_02_BC112_AB.XLSX,240524_02_BC1D_JIN.XLSX
BC115,Dibujo/pintura,240524_02,240524_02_BC115_SC.XLSX,240524_02_BC1D_JIN.XLSX
BC103,Dibujo/pintura,240524_03,240524_03_BC103_SC.XLSX,240524_03_BC1D_JIN.XLSX
BC107,Dibujo/pintura,240524_03,240524_03_BC107_AB.XLSX,240524_03_BC1D_JIN.XLSX
BC101,Juego libre,240524_04,240524_04_BC101_SZ.XLSX,240524_04_BC1D_JIN.XLSX
BC109,Juego libre,240524_04,240524_04_BC109_SC.XLSX,240524_04_BC1D_JIN.XLSX
BC111,Dibujo/pintura,240524_04,240524_04_BC111_AB.XLSX,240524_04_BC1D_JIN.XLSX
BC112,Juego libre,240524_05,240524_05_BC112_SC.XLSX,240524_05_BC1D_JIN.XLSX
BC115,Juego libre,240524_05,240524_05_BC115_SC.XLSX,240524_05_BC1D_JIN.XLSX
BC109,Exposición docente,240524_06,240524_06_BC109_AB.XLSX,240524_06_BC1D_JIN.XLSX
BC110,Exposición docente,240524_06,240524_06_BC110_SZ.XLSX,240524_06_BC1D_JIN.XLSX
BC115,Exposición docente,240524_06,240524_06_BC115_SC.XLSX,240524_06_BC1D_JIN.XLSX
AA407,Exposición docente,240527_01,240527_01_AA407_LL.XLSX,240527_01_AA4D_JIN.XLSX
AA409,Exposición docente,240527_01,240527_01_AA409_KL.XLSX,240527_01_AA4D_JIN.XLSX
AA412,Exposición docente,240527_02,240527_02_AA412_KL.XLSX,240527_02_AA4D_JIN.XLSX
AA402,Juego libre,240527_03,240527_03_AA402_KL.XLSX,240527_03_AA4D_JIN.XLSX
AA403,Lectoescritura,240527_03,240527_03_AA403_LL.XLSX,240527_03_AA4D_JIN.XLSX
AA401,Dibujo/pintura,240527_04,240527_04_AA401_KL.XLSX,240527_04_AA4D_JIN.XLSX
AA406,Lectoescritura,240527_04,240527_04_AA406_LL.XLSX,240527_04_AA4D_JIN.XLSX
AA405,Lectoescritura,240527_05,240527_05_AA405_LL.XLSX,240527_05_AA4D_JIN.XLSX
AA411,Juego con números,240527_05,240527_05_AA411_KL.XLSX,240527_05_AA4D_JIN.XLSX
AA408,Lectoescritura,240527_06,240527_06_AA408_KL.XLSX,240527_06_AA4D_JIN.XLSX
AA409,Juego con números,240527_06,240527_06_AA409_LL.XLSX,240527_06_AA4D_JIN.XLSX
AB401,Exposición docente,240528_01,240528_01_AB401_KL.XLSX,240528_01_AB4D_JIN.XLSX
AB402,Exposición docente,240528_01,240528_01_AB402_PVM.XLSX,240528_01_AB4D_JIN.XLSX
AB403,Exposición docente,240528_02,240528_02_AB403_PVM.XLSX,240528_02_AB4D_JIN.XLSX
AB405,Exposición docente,240528_02,240528_02_AB405_KL.XLSX,240528_02_AB4D_JIN.XLSX
AB408,Juego con números,240528_03,240528_03_AB408_PVM.XLSX,240528_03_AB4D_JIN.XLSX
AB406,Juego libre,240528_04,240528_04_AB406_KL.XLSX,240528_04_AB4D_JIN.XLSX
AB407,Juego libre,240528_04,240528_04_AB407_PVM.XLSX,240528_04_AB4D_JIN.XLSX
AB402,Juego libre,240528_05,240528_05_AB402_KL.XLSX,240528_05_AB4D_JIN.XLSX
AB409,Juego libre,240528_05,240528_05_AB409_PVM.XLSX,240528_05_AB4D_JIN.XLSX
BA311,Exposición docente,240529_01,240529_01_BA311_GA.XLSX,240529_01_BA5D_JIN.XLSX
BA312,Exposición docente,240529_01,240529_01_BA312_JF.XLSX,240529_01_BA5D_JIN.XLSX
BA313,Exposición docente,240529_02,240529_02_BA313_GA.XLSX,240529_02_BA5D_JIN.XLSX
BA316,Exposición docente,240529_02,240529_02_BA316_JF.XLSX,240529_02_BA5D_JIN.XLSX
BA317,Lectoescritura,240529_03,240529_03_BA317_GA.XLSX,240529_03_BA5D_JIN.XLSX
BA305,Lectoescritura,240529_04,240529_04_BA305_GA.XLSX,240529_04_BA5D_JIN.XLSX
BA306,Lectoescritura,240529_04,240529_04_BA306_JF.XLSX,240529_04_BA5D_JIN.XLSX
BA314,Juego libre,240529_05,240529_05_BA314_JF.XLSX,240529_05_BA5D_JIN.XLSX
BA318,Juego libre,240529_05,240529_05_BA318_GA.XLSX,240529_05_BA5D_JIN.XLSX
BA303,Lectoescritura,240529_06,240529_06_BA303_GA.XLSX,240529_06_BA5D_JIN.XLSX
BA302,Dibujo/pintura,240529_07,240529_07_BA302_GA.XLSX,240529_07_BA5D_JIN.XLSX
BA309,Dibujo/pintura,240529_07,240529_07_BA309_JF.XLSX,240529_07_BA5D_JIN.XLSX
BC104,Exposición docente,240530_01,240530_01_BC104_AB.XLSX,240530_01_BC2D_JIN.XLSX
BC108,Exposición docente,240530_01,240530_01_BC108_GA.XLSX,240530_01_BC2D_JIN.XLSX
BC101,Dibujo/pintura,240530_02,240530_02_BC101_GA.XLSX,240530_02_BC2D_JIN.XLSX
BC113,Dibujo/pintura,240530_02,240530_02_BC113_AB.XLSX,240530_02_BC2D_JIN.XLSX
BC104,Dibujo/pintura,240530_03,240530_03_BC104_GA.XLSX,240530_03_BC2D_JIN.XLSX
BC107,Juego libre,240530_04,240530_04_BC107_GA.XLSX,240530_04_BC2D_JIN.XLSX
BC113,Juego libre,240530_04,240530_04_BC113_AB.XLSX,240530_04_BC2D_JIN.XLSX
BC108,Juego libre,240530_05,240530_05_BC108_GA.XLSX,240530_05_BC2D_JIN.XLSX
BC107,Exposición docente,240530_06,240530_06_BC107_AB.XLSX,240530_06_BC2D_JIN.XLSX
BC113,Exposición docente,240530_06,240530_06_BC113_GA.XLSX,240530_06_BC2D_JIN.XLSX
BB211,Exposición docente,240531_01,240531_01_BB211_SZ.XLSX,240531_01_BB5D_JIN.XLSX
BB222,Exposición docente,240531_01,240531_01_BB222_SC.XLSX,240531_01_BB5D_JIN.XLSX
BB204,Exposición docente,240531_02,240531_02_BB204_SC.XLSX,240531_02_BB5D_JIN.XLSX
BB207,Exposición docente,240531_02,240531_02_BB207_SZ.XLSX,240531_02_BB5D_JIN.XLSX
BB214,Dibujo/pintura,240531_03,240531_03_BB214_SC.XLSX,240531_03_BB5D_JIN.XLSX
BB216,Dibujo/pintura,240531_03,240531_03_BB216_SZ.XLSX,240531_03_BB5D_JIN.XLSX
BB217,Dibujo/pintura,240531_04,240531_04_BB217_SC.XLSX,240531_04_BB5D_JIN.XLSX
BB220,Dibujo/pintura,240531_04,240531_04_BB220_SZ.XLSX,240531_04_BB5D_JIN.XLSX
BB221,Juego libre,240531_05,240531_05_BB221_SC.XLSX,240531_05_BB5D_JIN.XLSX
BB204,Juego libre,240531_06,240531_06_BB204_SZ.XLSX,240531_06_BB5D_JIN.XLSX
BB222,Juego libre,240531_06,240531_06_BB222_SC.XLSX,240531_06_BB5D_JIN.XLSX
BB208,Juego libre,240531_07,240531_07_BB208_SZ.XLSX,240531_07_BB5D_JIN.XLSX
BB211,Juego libre,240531_07,240531_07_BB211_SC.XLSX,240531_07_BB5D_JIN.XLSX
AA403,Exposición docente,240603_01,240603_01_AA403_LM.XLSX,240603_01_AA4D_JIN.XLSX
AA404,Exposición docente,240603_01,240603_01_AA404_AB.XLSX,240603_01_AA4D_JIN.XLSX
AA401,Lectoescritura,240603_02,240603_02_AA401_LM.XLSX,240603_02_AA4D_JIN.XLSX
AA402,Lectoescritura,240603_02,240603_02_AA402_AB.XLSX,240603_02_AA4D_JIN.XLSX
AA405,Lectoescritura,240603_03,240603_03_AA405_LM.XLSX,240603_03_AA4D_JIN.XLSX
AA411,Lectoescritura,240603_03,240603_03_AA411_AB.XLSX,240603_03_AA4D_JIN.XLSX
AA404,Exposición docente,240603_04,240603_04_AA404_LM.XLSX,240603_04_AA4D_JIN.XLSX
AA406,Exposición docente,240603_05,240603_05_AA406_AB.XLSX,240603_05_AA4D_JIN.XLSX
AA409,Exposición docente,240603_05,240603_05_AA409_LM.XLSX,240603_05_AA4D_JIN.XLSX
AA411,Dibujo/pintura,240603_06,240603_06_AA411_LM.XLSX,240603_06_AA4D_JIN.XLSX
AB305,Exposición docente,240604_01,240604_01_AB305_KL.XLSX,240604_01_AB3D_JIN.XLSX
AB315,Exposición docente,240604_01,240604_01_AB315_LM.XLSX,240604_01_AB3D_JIN.XLSX
AB401,Exposición docente,240604_02,240604_02_AB401_LM.XLSX,240604_02_AB4D_JIN.XLSX
AB404,Exposición docente,240604_02,240604_02_AB404_KL.XLSX,240604_02_AB4D_JIN.XLSX
AB405,Exposición docente,240604_03,240604_03_AB405_KL.XLSX,240604_03_AB4D_JIN.XLSX
AB410,Exposición docente,240604_03,240604_03_AB410_LM.XLSX,240604_03_AB4D_JIN.XLSX
AB403,Exposición docente,240604_04,240604_04_AB403_KL.XLSX,240604_04_AB4D_JIN.XLSX
AB408,Exposición docente,240604_05,240604_05_AB408_KL.XLSX,240604_05_AB4D_JIN.XLSX
AB302,Exposición docente,240604_06,240604_06_AB302_LM.XLSX,240604_06_AB3D_JIN.XLSX
AB304,Exposición docente,240604_06,240604_06_AB304_KL.XLSX,240604_06_AB3D_JIN.XLSX
AB307,Exposición docente,240604_07,240604_07_AB307_LM.XLSX,240604_07_AB3D_JIN.XLSX
AB309,Exposición docente,240604_07,240604_07_AB309_KL.XLSX,240604_07_AB3D_JIN.XLSX
AB310,Dibujo/pintura,240604_08,240604_08_AB310_LM.XLSX,240604_08_AB3D_JIN.XLSX
AB312,Dibujo/pintura,240604_08,240604_08_AB312_KL.XLSX,240604_08_AB3D_JIN.XLSX
AB306,Dibujo/pintura,240604_09,240604_09_AB306_LM.XLSX,240604_09_AB3D_JIN.XLSX
AB314,Dibujo/pintura,240604_09,240604_09_AB314_KL.XLSX,240604_09_AB3D_JIN.XLSX
BA305,Exposición docente,240605_01,240605_01_BA305_JF.XLSX,240605_01_BA5D_JIN.XLSX
BA315,Exposición docente,240605_01,240605_01_BA315_SC.XLSX,240605_01_BA5D_JIN.XLSX
BA306,Dibujo/pintura,240605_02,240605_02_BA306_SC.XLSX,240605_02_BA5D_JIN.XLSX
BA307,Dibujo/pintura,240605_02,240605_02_BA307_JF.XLSX,240605_02_BA5D_JIN.XLSX
BA308,Dibujo/pintura,240605_03,240605_03_BA308_SC.XLSX,240605_03_BA3D_JIN.XLSX
BA302,Exposición docente,240605_04,240605_04_BA302_JF.XLSX,240605_04_BA3D_JIN.XLSX
BA304,Exposición docente,240605_04,240605_04_BA304_SC.XLSX,240605_04_BA3D_JIN.XLSX
BA309,Exposición docente,240605_05,240605_05_BA309_JF.XLSX,240605_05_BA5D_JIN.XLSX
BA311,Exposición docente,240605_05,240605_05_BA311_SC.XLSX,240605_05_BA5D_JIN.XLSX
BA312,Exposición docente,240605_06,240605_06_BA312_SC.XLSX,240605_06_BA3D_JIN.XLSX
BA313,Exposición docente,240605_06,240605_06_BA313_JF.XLSX,240605_06_BA3D_JIN.XLSX
BA316,Exposición docente,240605_07,240605_07_BA316_SC.XLSX,240605_07_BA3D_JIN.XLSX
BC105,Exposición docente,240606_01,240606_01_BC105_JF.XLSX,240606_01_BC1D_JIN.XLSX
BC106,Exposición docente,240606_01,240606_01_BC106_LL.XLSX,240606_01_BC1D_JIN.XLSX
BC102,Exposición docente,240606_02,240606_02_BC102_JF.XLSX,240606_02_BC1D_JIN.XLSX
BC103,Exposición docente,240606_02,240606_02_BC103_LL.XLSX,240606_02_BC1D_JIN.XLSX
BC112,Exposición docente,240606_03,240606_03_BC112_LL.XLSX,240606_03_BC1D_JIN.XLSX
BC115,Exposición docente,240606_03,240606_03_BC115_JF.XLSX,240606_03_BC1D_JIN.XLSX
BC101,Lectoescritura,240606_04,240606_04_BC101_LL.XLSX,240606_04_BC1D_JIN.XLSX
BC109,Lectoescritura,240606_04,240606_04_BC109_JF.XLSX,240606_04_BC1D_JIN.XLSX
BC102,Lectoescritura,240606_05,240606_05_BC102_JF.XLSX,240606_05_BC1D_JIN.XLSX
BC105,Lectoescritura,240606_05,240606_05_BC105_LL.XLSX,240606_05_BC1D_JIN.XLSX
BC104,Lectoescritura,240606_06,240606_06_BC104_LL.XLSX,240606_06_BC1D_JIN.XLSX
BC106,Lectoescritura,240606_06,240606_06_BC106_JF.XLSX,240606_06_BC1D_JIN.XLSX
BC110,Juego libre,240606_07,240606_07_BC110_LL.XLSX,240606_07_BC1D_JIN.XLSX
BC112,Juego libre,240606_07,240606_07_BC112_JF.XLSX,240606_07_BC1D_JIN.XLSX
BC103,Juego libre,240606_08,240606_08_BC103_LL.XLSX,240606_08_BC1D_JIN.XLSX
BC105,Juego libre,240606_08,240606_08_BC105_JF.XLSX,240606_08_BC1D_JIN.XLSX
BC105,Juego libre,240606_09,240606_09_BC105_JF.XLSX,240606_09_BC1D_JIN.XLSX
BC106,Juego libre,240606_09,240606_09_BC106_LL.XLSX,240606_09_BC1D_JIN.XLSX
BC102,Juego libre,240606_10,240606_10_BC102_JF.XLSX,240606_10_BC1D_JIN.XLSX
BC111,Juego libre,240606_10,240606_10_BC111_LL.XLSX,240606_10_BC1D_JIN.XLSX
BB209,Exposición docente,240607_01,240607_01_BB209_SC.XLSX,240607_01_BBXD_JIN.XLSX
BB206,Exposición docente,240607_02,240607_02_BB206_SC.XLSX,240607_02_BBXD_JIN.XLSX
BB212,Exposición docente,240607_03,240607_03_BB212_SC.XLSX,240607_03_BBXD_JIN.XLSX
BB213,Exposición docente,240607_04,240607_04_BB213_SC.XLSX,240607_04_BBXD_JIN.XLSX
BB219,Exposición docente,240607_05,240607_05_BB219_SC.XLSX,240607_05_BBXD_JIN.XLSX
BB208,Juego libre,240607_06,240607_06_BB208_SZ.XLSX,240607_06_BBXD_JIN.XLSX
BB211,Juego libre,240607_06,240607_06_BB211_SC.XLSX,240607_06_BBXD_JIN.XLSX
BB201,Juego libre,240607_07,240607_07_BB201_SC.XLSX,240607_07_BBXD_JIN.XLSX
BB215,Juego libre,240607_07,240607_07_BB215_SZ.XLSX,240607_07_BBXD_JIN.XLSX
BB210,Exposición docente,240607_08,240607_08_BB210_SZ.XLSX,240607_08_BBXD_JIN.XLSX
BB214,Exposición docente,240607_08,240607_08_BB214_SC.XLSX,240607_08_BBXD_JIN.XLSX
BB203,Juego libre,240607_09,240607_09_BB203_SZ.XLSX,240607_09_BBXD_JIN.XLSX
BB220,Exposición docente,240607_09,240607_09_BB220_SC.XLSX,240607_09_BBXD_JIN.XLSX
AA307,Exposición docente,240610_01,240610_01_AA307_PVM.XLSX,240610_01_AA1D_JIN.XLSX
AA308,Exposición docente,240610_01,240610_01_AA308_AB.XLSX,240610_01_AA1D_JIN.XLSX
AA309,Exposición docente,240610_01,240610_01_AA309_LM.XLSX,240610_01_AA1D_JIN.XLSX
AA301,Lectoescritura,240610_02,240610_02_AA301_LM.XLSX,240610_02_AA1D_JIN.XLSX
AA302,Lectoescritura,240610_02,240610_02_AA302_PVM.XLSX,240610_02_AA1D_JIN.XLSX
AA306,Lectoescritura,240610_03,240610_03_AA306_LM.XLSX,240610_03_AA1D_JIN.XLSX
AA307,Lectoescritura,240610_03,240610_03_AA307_AB.XLSX,240610_03_AA1D_JIN.XLSX
AA308,Lectoescritura,240610_03,240610_03_AA308_PVM.XLSX,240610_03_AA1D_JIN.XLSX
AA301,Juego libre,240610_04,240610_04_AA301_AB.XLSX,240610_04_AA1D_JIN.XLSX
AA302,Lectoescritura,240610_04,240610_04_AA302_LM.XLSX,240610_04_AA1D_JIN.XLSX
AA309,Dibujo/pintura,240610_04,240610_04_AA309_PVM.XLSX,240610_04_AA1D_JIN.XLSX
AA306,Exposición docente,240610_05,240610_05_AA306_PVM.XLSX,240610_05_AA1D_JIN.XLSX
AA307,Exposición docente,240610_05,240610_05_AA307_AB.XLSX,240610_05_AA1D_JIN.XLSX
AA308,Exposición docente,240610_05,240610_05_AA308_LM.XLSX,240610_05_AA1D_JIN.XLSX
AA306,Exposición docente,240610_06,240610_06_AA306_PVM.XLSX,240610_06_AA1D_JIN.XLSX
AA309,Exposición docente,240610_06,240610_06_AA309_AB.XLSX,240610_06_AA1D_JIN.XLSX
AA402,Exposición docente,240610_07,240610_07_AA402_AB.XLSX,240610_07_AA4D_JIN.XLSX
AA407,Exposición docente,240610_07,240610_07_AA407_LM.XLSX,240610_07_AA4D_JIN.XLSX
AA408,Exposición docente,240610_07,240610_07_AA408_PVM.XLSX,240610_07_AA4D_JIN.XLSX
AA403,Juego con números,240610_08,240610_08_AA403_LM.XLSX,240610_08_AA4D_JIN.XLSX
AA404,Juego con números,240610_09,240610_09_AA404_LM.XLSX,240610_09_AA4D_JIN.XLSX
AA405,Juego con números,240610_09,240610_09_AA405_AB.XLSX,240610_09_AA4D_JIN.XLSX
AB306,Exposición docente,240611_01,240611_01_AB306_KL.XLSX,240611_01_AB3D_JIN.XLSX
AB311,Exposición docente,240611_01,240611_01_AB311_LM.XLSX,240611_01_AB3D_JIN.XLSX
AB313,Exposición docente,240611_01,240611_01_AB313_PVM.XLSX,240611_01_AB3D_JIN.XLSX
AB301,Exposición docente,240611_02,240611_02_AB301_KL.XLSX,240611_02_AB3D_JIN.XLSX
AB307,Exposición docente,240611_02,240611_02_AB307_PVM.XLSX,240611_02_AB3D_JIN.XLSX
AB314,Exposición docente,240611_02,240611_02_AB314_LM.XLSX,240611_02_AB3D_JIN.XLSX
AB308,Exposición docente,240611_03,240611_03_AB308_PVM.XLSX,240611_03_AB3D_JIN.XLSX
AB309,Exposición docente,240611_03,240611_03_AB309_KL.XLSX,240611_03_AB3D_JIN.XLSX
AB403,Dibujo/pintura,240611_04,240611_04_AB403_PVM.XLSX,240611_04_AB4D_JIN.XLSX
AB407,Dibujo/pintura,240611_04,240611_04_AB407_LM.XLSX,240611_04_AB4D_JIN.XLSX
AB409,Dibujo/pintura,240611_04,240611_04_AB409_KL.XLSX,240611_04_AB4D_JIN.XLSX
BA301,Exposición docente,240612_01,240612_01_BA301_GA.XLSX,240612_01_BA3D_JIN.XLSX
BA310,Exposición docente,240612_01,240612_01_BA310_SZ.XLSX,240612_01_BA3D_JIN.XLSX
BA317,Exposición docente,240612_01,240612_01_BA317_LL.XLSX,240612_01_BA3D_JIN.XLSX
BA304,Exposición docente,240612_02,240612_02_BA304_GA.XLSX,240612_02_BA3D_JIN.XLSX
BA314,Exposición docente,240612_02,240612_02_BA314_SZ.XLSX,240612_02_BA3D_JIN.XLSX
BA303,Juego libre,240612_03,240612_03_BA303_GA.XLSX,240612_03_BA3D_JIN.XLSX
BA305,Juego libre,240612_03,240612_03_BA305_LL.XLSX,240612_03_BA3D_JIN.XLSX
BA315,Juego libre,240612_03,240612_03_BA315_SZ.XLSX,240612_03_BA3D_JIN.XLSX
BA306,Juego libre,240612_04,240612_04_BA306_GA.XLSX,240612_04_BA3D_JIN.XLSX
BA307,Juego libre,240612_04,240612_04_BA307_LL.XLSX,240612_04_BA3D_JIN.XLSX
BA308,Juego libre,240612_05,240612_05_BA308_GA.XLSX,240612_05_BA3D_JIN.XLSX
BA311,Juego libre,240612_05,240612_05_BA311_SZ.XLSX,240612_05_BA3D_JIN.XLSX
BA312,Juego libre,240612_05,240612_05_BA312_LL.XLSX,240612_05_BA3D_JIN.XLSX
BA304,Juego libre,240612_06,240612_06_BA304_SZ.XLSX,240612_06_BA3D_JIN.XLSX
BA316,Juego libre,240612_06,240612_06_BA316_LL.XLSX,240612_06_BA3D_JIN.XLSX
BA317,Dibujo/pintura,240612_06,240612_06_BA317_GA.XLSX,240612_06_BA3D_JIN.XLSX
AA303,Exposición docente,240613_01,240613_01_AA303_GA.XLSX,240613_01_AA1D_JIN.XLSX
AA304,Juego con números,240613_02,240613_02_AA304_AB.XLSX,240613_02_AA1D_JIN.XLSX
AA307,Juego con números,240613_02,240613_02_AA307_JF.XLSX,240613_02_AA1D_JIN.XLSX
AA308,Juego con números,240613_02,240613_02_AA308_GA.XLSX,240613_02_AA1D_JIN.XLSX
AA301,Juego con números,240613_03,240613_03_AA301_JF.XLSX,240613_03_AA1D_JIN.XLSX
AA302,Juego con números,240613_03,240613_03_AA302_GA.XLSX,240613_03_AA1D_JIN.XLSX
AA306,Juego con números,240613_03,240613_03_AA306_AB.XLSX,240613_03_AA1D_JIN.XLSX
AA303,Exposición docente,240613_04,240613_04_AA303_AB.XLSX,240613_04_AA1D_JIN.XLSX
AA304,Exposición docente,240613_04,240613_04_AA304_GA.XLSX,240613_04_AA1D_JIN.XLSX
AA301,Dibujo/pintura,240613_05,240613_05_AA301_AB.XLSX,240613_05_AA1D_JIN.XLSX
AA307,Dibujo/pintura,240613_05,240613_05_AA307_GA.XLSX,240613_05_AA1D_JIN.XLSX
AA308,Dibujo/pintura,240613_05,240613_05_AA308_JF.XLSX,240613_05_AA1D_JIN.XLSX
AA302,Dibujo/pintura,240613_06,240613_06_AA302_JF.XLSX,240613_06_AA1D_JIN.XLSX
AA303,Dibujo/pintura,240613_06,240613_06_AA303_AB.XLSX,240613_06_AA1D_JIN.XLSX
AA304,Dibujo/pintura,240613_06,240613_06_AA304_GA.XLSX,240613_06_AA1D_JIN.XLSX
BB216,Exposición docente,240614_01,240614_01_BB216_SC.XLSX,240614_01_BBXD_JIN.XLSX
BB217,Exposición docente,240614_01,240614_01_BB217_SZ.XLSX,240614_01_BBXD_JIN.XLSX
BB221,Exposición docente,240614_01,240614_01_BB221_LL.XLSX,240614_01_BBXD_JIN.XLSX
BB205,Lectoescritura,240614_02,240614_02_BB205_SC.XLSX,240614_02_BBXD_JIN.XLSX
BB222,Lectoescritura,240614_02,240614_02_BB222_SZ.XLSX,240614_02_BBXD_JIN.XLSX
BB202,Lectoescritura,240614_03,240614_03_BB202_SZ.XLSX,240614_03_BBXD_JIN.XLSX
BB204,Lectoescritura,240614_03,240614_03_BB204_LL.XLSX,240614_03_BBXD_JIN.XLSX
BB206,Lectoescritura,240614_03,240614_03_BB206_SC.XLSX,240614_03_BBXD_JIN.XLSX
AA401,Juego libre,240618_01,240618_01_AA401_SC.XLSX,240618_01_AA6D_JIN.XLSX
AA406,Juego libre,240618_01,240618_01_AA406_AB.XLSX,240618_01_AA6D_JIN.XLSX
AA407,Juego libre,240618_02,240618_02_AA407_AB.XLSX,240618_02_AA5D_JIN.XLSX
AA408,Juego libre,240618_02,240618_02_AA408_KL.XLSX,240618_02_AA5D_JIN.XLSX
AA402,Juego libre,240618_03,240618_03_AA402_SC.XLSX,240618_03_AA5D_JIN.XLSX
AA404,Juego libre,240618_03,240618_03_AA404_KL.XLSX,240618_03_AA5D_JIN.XLSX
AA405,Exposición docente,240618_04,240618_04_AA405_SC.XLSX,240618_04_AA5D_JIN.XLSX
AA411,Exposición docente,240618_04,240618_04_AA411_KL.XLSX,240618_04_AA5D_JIN.XLSX
AA301,Lectoescritura,240618_05,240618_05_AA301_SC.XLSX,240618_05_AA1D_JIN.XLSX
AA302,Juego con números,240618_05,240618_05_AA302_AB.XLSX,240618_05_AA1D_JIN.XLSX
AA309,Juego libre,240618_05,240618_05_AA309_KL.XLSX,240618_05_AA1D_JIN.XLSX
AA304,Juego libre,240618_06,240618_06_AA304_AB.XLSX,240618_06_AA1D_JIN.XLSX
AA307,Lectoescritura,240618_06,240618_06_AA307_KL.XLSX,240618_06_AA1D_JIN.XLSX
AA308,Juego libre,240618_06,240618_06_AA308_SC.XLSX,240618_06_AA1D_JIN.XLSX
AA401,Exposición docente,240618_07,240618_07_AA401_SC.XLSX,240618_07_AA5D_JIN.XLSX
AA406,Exposición docente,240618_07,240618_07_AA406_AB.XLSX,240618_07_AA5D_JIN.XLSX
AA409,Exposición docente,240618_07,240618_07_AA409_KL.XLSX,240618_07_AA5D_JIN.XLSX
AA404,Exposición docente,240618_08,240618_08_AA404_KL.XLSX,240618_08_AA5D_JIN.XLSX
AA407,Exposición docente,240618_08,240618_08_AA407_AB.XLSX,240618_08_AA5D_JIN.XLSX
AA405,Exposición docente,240618_09,240618_09_AA405_SC.XLSX,240618_09_AA5D_JIN.XLSX
AA408,Exposición docente,240618_09,240618_09_AA408_KL.XLSX,240618_09_AA5D_JIN.XLSX
AB302,Exposición docente,240619_01,240619_01_AB302_SZ.XLSX,240619_01_AB3D_JIN.XLSX
AB303,Exposición docente,240619_01,240619_01_AB303_JF.XLSX,240619_01_AB3D_JIN.XLSX
AB304,Exposición docente,240619_01,240619_01_AB304_GA.XLSX,240619_01_AB3D_JIN.XLSX
AB401,Exposición docente,240619_02,240619_02_AB401_JF.XLSX,240619_02_AB4D_JIN.XLSX
AB402,Exposición docente,240619_02,240619_02_AB402_GA.XLSX,240619_02_AB4D_JIN.XLSX
AB404,Exposición docente,240619_02,240619_02_AB404_SZ.XLSX,240619_02_AB4D_JIN.XLSX
AB405,Juego con números,240619_03,240619_03_AB405_JF.XLSX,240619_03_AB4D_JIN.XLSX
AB406,Juego con números,240619_03,240619_03_AB406_SZ.XLSX,240619_03_AB4D_JIN.XLSX
AB407,Juego con números,240619_03,240619_03_AB407_GA.XLSX,240619_03_AB4D_JIN.XLSX
AB408,Juego con números,240619_04,240619_04_AB408_JF.XLSX,240619_04_AB4D_JIN.XLSX
AB409,Juego con números,240619_04,240619_04_AB409_GA.XLSX,240619_04_AB4D_JIN.XLSX
AB404,Juego con números,240619_05,240619_05_AB404_JF.XLSX,240619_05_AB4D_JIN.XLSX
AB410,Juego con números,240619_05,240619_05_AB410_GA.XLSX,240619_05_AB4D_JIN.XLSX
AB305,Dibujo/pintura,240619_06,240619_06_AB305_GA.XLSX,240619_06_AB3D_JIN.XLSX
AB310,Dibujo/pintura,240619_06,240619_06_AB310_SZ.XLSX,240619_06_AB3D_JIN.XLSX
AB312,Juego libre,240619_06,240619_06_AB312_JF.XLSX,240619_06_AB3D_JIN.XLSX
AB301,Dibujo/pintura,240619_07,240619_07_AB301_SZ.XLSX,240619_07_AB3D_JIN.XLSX
AB314,Dibujo/pintura,240619_07,240619_07_AB314_GA.XLSX,240619_07_AB3D_JIN.XLSX
AB315,Dibujo/pintura,240619_07,240619_07_AB315_JF.XLSX,240619_07_AB3D_JIN.XLSX
AB308,Dibujo/pintura,240619_08,240619_08_AB308_JF.XLSX,240619_08_AB3D_JIN.XLSX
AB309,Dibujo/pintura,240619_08,240619_08_AB309_GA.XLSX,240619_08_AB3D_JIN.XLSX
AB313,Dibujo/pintura,240619_08,240619_08_AB313_SZ.XLSX,240619_08_AB3D_JIN.XLSX
AB306,Dibujo/pintura,240619_09,240619_09_AB306_SZ.XLSX,240619_09_AB3D_JIN.XLSX
AB307,Dibujo/pintura,240619_09,240619_09_AB307_GA.XLSX,240619_09_AB3D_JIN.XLSX
AB308,Dibujo/pintura,240619_09,240619_09_AB308_JF.XLSX,240619_09_AB3D_JIN.XLSX
BA301,Exposición docente,240624_01,240624_01_BA301_PVM.XLSX,240624_01_BA3D_JIN.XLSX
BA318,Exposición docente,240624_01,240624_01_BA318_AB.XLSX,240624_01_BA3D_JIN.XLSX
BA310,Exposición docente,240624_02,240624_02_BA310_LM.XLSX,240624_02_BA3D_JIN.XLSX
BA313,Exposición docente,240624_02,240624_02_BA313_PVM.XLSX,240624_02_BA3D_JIN.XLSX
BA314,Exposición docente,240624_03,240624_03_BA314_AB.XLSX,240624_03_BA3D_JIN.XLSX
BA316,Exposición docente,240624_03,240624_03_BA316_LM.XLSX,240624_03_BA3D_JIN.XLSX
BA318,Exposición docente,240624_03,240624_03_BA318_PVM.XLSX,240624_03_BA3D_JIN.XLSX
BA302,Dibujo/pintura,240624_04,240624_04_BA302_AB.XLSX,240624_04_BA3D_JIN.XLSX
BA303,Dibujo/pintura,240624_04,240624_04_BA303_LM.XLSX,240624_04_BA3D_JIN.XLSX
BA317,Dibujo/pintura,240624_04,240624_04_BA317_LM.XLSX,240624_04_BA3D_JIN.XLSX
BA304,Dibujo/pintura,240624_05,240624_05_BA304_LM.XLSX,240624_05_BA3D_JIN.XLSX
BA305,Dibujo/pintura,240624_05,240624_05_BA305_PVM.XLSX,240624_05_BA3D_JIN.XLSX
BA307,Dibujo/pintura,240624_06,240624_06_BA307_AB.XLSX,240624_06_BA3D_JIN.XLSX
BA311,Dibujo/pintura,240624_06,240624_06_BA311_LM.XLSX,240624_06_BA3D_JIN.XLSX
BA312,Dibujo/pintura,240624_06,240624_06_BA312_PVM.XLSX,240624_06_BA3D_JIN.XLSX
BA306,Dibujo/pintura,240624_07,240624_07_BA306_PVM.XLSX,240624_07_BA3D_JIN.XLSX
BA308,Dibujo/pintura,240624_07,240624_07_BA308_AB.XLSX,240624_07_BA3D_JIN.XLSX
BB209,Exposición docente,240626_01,240626_01_BB209_KL.XLSX,240626_01_BBXD_JIN.XLSX
BB211,Exposición docente,240626_01,240626_01_BB211_JF.XLSX,240626_01_BBXD_JIN.XLSX
BB213,Exposición docente,240626_01,240626_01_BB213_SZ.XLSX,240626_01_BBXD_JIN.XLSX
BB205,Lectoescritura,240626_02,240626_02_BB205_SZ.XLSX,240626_02_BBXD_JIN.XLSX
BB207,Lectoescritura,240626_02,240626_02_BB207_KL.XLSX,240626_02_BBXD_JIN.XLSX
BB202,Exposición docente,240626_03,240626_03_BB202_KL.XLSX,240626_03_BBXD_JIN.XLSX
BB204,Exposición docente,240626_03,240626_03_BB204_JF.XLSX,240626_03_BBXD_JIN.XLSX
BB219,Exposición docente,240626_03,240626_03_BB219_SZ.XLSX,240626_03_BBXD_JIN.XLSX
BB203,Exposición docente,240626_04,240626_04_BB203_JF.XLSX,240626_04_BBXD_JIN.XLSX
BB206,Exposición docente,240626_04,240626_04_BB206_KL.XLSX,240626_04_BBXD_JIN.XLSX
BB208,Exposición docente,240626_04,240626_04_BB208_SZ.XLSX,240626_04_BBXD_JIN.XLSX
BB214,Exposición docente,240626_05,240626_05_BB214_JF.XLSX,240626_05_BBXD_JIN.XLSX
BB215,Exposición docente,240626_05,240626_05_BB215_KL.XLSX,240626_05_BBXD_JIN.XLSX
BB216,Exposición docente,240626_06,240626_06_BB216_JF.XLSX,240626_06_BBXD_JIN.XLSX
BB217,Exposición docente,240626_06,240626_06_BB217_KL.XLSX,240626_06_BBXD_JIN.XLSX
BB220,Exposición docente,240626_06,240626_06_BB220_SZ.XLSX,240626_06_BBXD_JIN.XLSX
BB221,Lectoescritura,240627_01,240627_01_BB221_GA.XLSX,240627_01_BBXD_JIN.XLSX
BB222,Lectoescritura,240627_01,240627_01_BB222_KL.XLSX,240627_01_BBXD_JIN.XLSX
BB201,Lectoescritura,240627_02,240627_02_BB201_JF.XLSX,240627_02_BBXD_JIN.XLSX
BB203,Lectoescritura,240627_02,240627_02_BB203_KL.XLSX,240627_02_BBXD_JIN.XLSX
BB212,Lectoescritura,240627_02,240627_02_BB212_GA.XLSX,240627_02_BBXD_JIN.XLSX
BB205,Exposición docente,240627_03,240627_03_BB205_KL.XLSX,240627_03_BBXD_JIN.XLSX
BB207,Exposición docente,240627_03,240627_03_BB207_JF.XLSX,240627_03_BBXD_JIN.XLSX
BB209,Dibujo/pintura,240627_04,240627_04_BB209_KL.XLSX,240627_04_BBXD_JIN.XLSX
BB211,Dibujo/pintura,240627_04,240627_04_BB211_GA.XLSX,240627_04_BBXD_JIN.XLSX
BB219,Dibujo/pintura,240627_04,240627_04_BB219_JF.XLSX,240627_04_BBXD_JIN.XLSX
BB202,Dibujo/pintura,240627_05,240627_05_BB202_KL.XLSX,240627_05_BBXD_JIN.XLSX
BB212,Dibujo/pintura,240627_05,240627_05_BB212_JF.XLSX,240627_05_BBXD_JIN.XLSX
BB215,Dibujo/pintura,240627_05,240627_05_BB215_GA.XLSX,240627_05_BBXD_JIN.XLSX
BB204,Dibujo/pintura,240627_06,240627_06_BB204_GA.XLSX,240627_06_BBXD_JIN.XLSX
BB206,Juego libre,240627_06,240627_06_BB206_KL.XLSX,240627_06_BBXD_JIN.XLSX
BB205,Juego libre,240627_07,240627_07_BB205_GA.XLSX,240627_07_BBXD_JIN.XLSX
BB208,Dibujo/pintura,240627_07,240627_07_BB208_JF.XLSX,240627_07_BBXD_JIN.XLSX
BB214,Juego libre,240627_07,240627_07_BB214_KL.XLSX,240627_07_BBXD_JIN.XLSX
BB216,Juego libre,240627_08,240627_08_BB216_KL.XLSX,240627_08_BBXD_JIN.XLSX
BB217,Juego libre,240627_08,240627_08_BB217_GA.XLSX,240627_08_BBXD_JIN.XLSX
AB302,Exposición docente,240628_01,240628_01_AB302_SC.XLSX,240628_01_AB31D_JIN.XLSX
AB303,Exposición docente,240628_01,240628_01_AB303_SZ.XLSX,240628_01_AB31D_JIN.XLSX
AB313,Exposición docente,240628_01,240628_01_AB313_JF.XLSX,240628_01_AB31D_JIN.XLSX
AB401,Juego con números,240628_02,240628_02_AB401_JF.XLSX,240628_02_AB4D_JIN.XLSX
AB402,Juego con números,240628_02,240628_02_AB402_SZ.XLSX,240628_02_AB4D_JIN.XLSX
AB403,Juego con números,240628_02,240628_02_AB403_SC.XLSX,240628_02_AB4D_JIN.XLSX
AB405,Juego con números,240628_03,240628_03_AB405_JF.XLSX,240628_03_AB4D_JIN.XLSX
AB407,Juego con números,240628_03,240628_03_AB407_SC.XLSX,240628_03_AB4D_JIN.XLSX
AB401,Dibujo/pintura,240628_04,240628_04_AB401_SZ.XLSX,240628_04_AB4D_JIN.XLSX
AB402,Dibujo/pintura,240628_04,240628_04_AB402_SC.XLSX,240628_04_AB4D_JIN.XLSX
AB409,Dibujo/pintura,240628_04,240628_04_AB409_JF.XLSX,240628_04_AB4D_JIN.XLSX
AB403,Dibujo/pintura,240628_05,240628_05_AB403_SZ.XLSX,240628_05_AB4D_JIN.XLSX
AB405,Dibujo/pintura,240628_05,240628_05_AB405_SC.XLSX,240628_05_AB4D_JIN.XLSX
AA406,Juego libre,240701_01,240701_01_AA406_JF.XLSX,240701_01_AA41D_JIN.XLSX
AA407,Juego libre,240701_01,240701_01_AA407_LL.XLSX,240701_01_AA41D_JIN.XLSX
AA408,Juego libre,240701_01,240701_01_AA408_AB.XLSX,240701_01_AA41D_JIN.XLSX
AA401,Juego libre,240701_02,240701_02_AA401_JF.XLSX,240701_02_AA41D_JIN.XLSX
AA402,Juego libre,240701_02,240701_02_AA402_LL.XLSX,240701_02_AA41D_JIN.XLSX
AA409,Juego libre,240701_03,240701_03_AA409_AB.XLSX,240701_03_AA41D_JIN.XLSX
AA411,Juego libre,240701_03,240701_03_AA411_LL.XLSX,240701_03_AA41D_JIN.XLSX
AA305,Exposición docente,240701_04,240701_04_AA305_JF.XLSX,240701_04_AA1D_JIN.XLSX
AA309,Juego libre,240701_04,240701_04_AA309_LL.XLSX,240701_04_AA1D_JIN.XLSX
AA305,Juego libre,240701_05,240701_05_AA305_LL.XLSX,240701_05_AA1D_JIN.XLSX
AA309,Juego libre,240701_05,240701_05_AA309_JF.XLSX,240701_05_AA1D_JIN.XLSX
BA309,Exposición docente,240702_01,240702_01_BA309_LM.XLSX,240702_01_BA3D_JIN.XLSX
BA310,Exposición docente,240702_01,240702_01_BA310_PVM.XLSX,240702_01_BA3D_JIN.XLSX
BA318,Exposición docente,240702_01,240702_01_BA318_JF.XLSX,240702_01_BA3D_JIN.XLSX
BA301,Dibujo/pintura,240702_02,240702_02_BA301_JF.XLSX,240702_02_BA3D_JIN.XLSX
BA302,Dibujo/pintura,240702_02,240702_02_BA302_LM.XLSX,240702_02_BA3D_JIN.XLSX
BA303,Dibujo/pintura,240702_02,240702_02_BA303_PVM.XLSX,240702_02_BA3D_JIN.XLSX
BA304,Dibujo/pintura,240702_03,240702_03_BA304_LM.XLSX,240702_03_BA3D_JIN.XLSX
BA305,Dibujo/pintura,240702_03,240702_03_BA305_PVM.XLSX,240702_03_BA3D_JIN.XLSX
BA306,Dibujo/pintura,240702_03,240702_03_BA306_JF.XLSX,240702_03_BA3D_JIN.XLSX
BA307,Dibujo/pintura,240702_04,240702_04_BA307_JF.XLSX,240702_04_BA3D_JIN.XLSX
BA308,Dibujo/pintura,240702_04,240702_04_BA308_LM.XLSX,240702_04_BA3D_JIN.XLSX
BA311,Dibujo/pintura,240702_04,240702_04_BA311_PVM.XLSX,240702_04_BA3D_JIN.XLSX
BA312,Dibujo/pintura,240702_05,240702_05_BA312_PVM.XLSX,240702_05_BA3D_JIN.XLSX
BA316,Dibujo/pintura,240702_05,240702_05_BA316_JF.XLSX,240702_05_BA3D_JIN.XLSX
BA301,Juego libre,240702_06,240702_06_BA301_PVM.XLSX,240702_06_BA3D_JIN.XLSX
BA310,Juego libre,240702_06,240702_06_BA310_JF.XLSX,240702_06_BA3D_JIN.XLSX
BA317,Juego libre,240702_06,240702_06_BA317_LM.XLSX,240702_06_BA3D_JIN.XLSX
BA309,Juego libre,240702_07,240702_07_BA309_JF.XLSX,240702_07_BA3D_JIN.XLSX
BA314,Juego libre,240702_07,240702_07_BA314_LM.XLSX,240702_07_BA3D_JIN.XLSX
BA318,Juego libre,240702_07,240702_07_BA318_PVM.XLSX,240702_07_BA3D_JIN.XLSX
AB406,Exposición docente,240703_01,240703_01_AB406_SC.XLSX,240703_01_AB4D_JIN.XLSX
AB408,Exposición docente,240703_01,240703_01_AB408_KL.XLSX,240703_01_AB4D_JIN.XLSX
AB406,Exposición docente,240703_02,240703_02_AB406_KL.XLSX,240703_02_AB4D_JIN.XLSX
AB410,Exposición docente,240703_02,240703_02_AB410_SC.XLSX,240703_02_AB4D_JIN.XLSX
AB408,Exposición docente,240703_03,240703_03_AB408_SC.XLSX,240703_03_AB4D_JIN.XLSX
AB410,Exposición docente,240703_03,240703_03_AB410_KL.XLSX,240703_03_AB4D_JIN.XLSX
AB310,Juego con números,240703_04,240703_04_AB310_SC.XLSX,240703_04_AB3D_JIN.XLSX
AB311,Juego con números,240703_04,240703_04_AB311_KL.XLSX,240703_04_AB3D_JIN.XLSX
AB304,Juego con números,240703_05,240703_05_AB304_SC.XLSX,240703_05_AB3D_JIN.XLSX
AB305,Juego con números,240703_05,240703_05_AB305_KL.XLSX,240703_05_AB3D_JIN.XLSX
AB301,Juego con números,240703_06,240703_06_AB301_KL.XLSX,240703_06_AB3D_JIN.XLSX
AB302,Juego con números,240703_06,240703_06_AB302_SC.XLSX,240703_06_AB3D_JIN.XLSX
BB201,Exposición docente,240704_01,240704_01_BB201_KL.XLSX,240704_01_BB21D_JIN.XLSX
BB210,Exposición docente,240704_01,240704_01_BB210_GA.XLSX,240704_01_BB21D_JIN.XLSX
BB213,Exposición docente,240704_01,240704_01_BB213_AB.XLSX,240704_01_BB21D_JIN.XLSX
BB203,Exposición docente,240704_02,240704_02_BB203_KL.XLSX,240704_02_BB21D_JIN.XLSX
BB207,Exposición docente,240704_02,240704_02_BB207_AB.XLSX,240704_02_BB21D_JIN.XLSX
BB209,Dibujo/pintura,240704_03,240704_03_BB209_AB.XLSX,240704_03_BB21D_JIN.XLSX
BB212,Dibujo/pintura,240704_03,240704_03_BB212_KL.XLSX,240704_03_BB21D_JIN.XLSX
BB219,Dibujo/pintura,240704_03,240704_03_BB219_GA.XLSX,240704_03_BB21D_JIN.XLSX
BB204,Dibujo/pintura,240704_04,240704_04_BB204_GA.XLSX,240704_04_BB21D_JIN.XLSX
BB211,Dibujo/pintura,240704_04,240704_04_BB211_KL.XLSX,240704_04_BB21D_JIN.XLSX
BB203,Dibujo/pintura,240704_05,240704_05_BB203_AB.XLSX,240704_05_BB21D_JIN.XLSX
BB210,Dibujo/pintura,240704_05,240704_05_BB210_KL.XLSX,240704_05_BB21D_JIN.XLSX
BB213,Dibujo/pintura,240704_05,240704_05_BB213_GA.XLSX,240704_05_BB21D_JIN.XLSX
BB202,Exposición docente,240704_06,240704_06_BB202_GA.XLSX,240704_06_BB21D_JIN.XLSX
BB215,Exposición docente,240704_06,240704_06_BB215_KL.XLSX,240704_06_BB21D_JIN.XLSX
BB220,Exposición docente,240704_06,240704_06_BB220_AB.XLSX,240704_06_BB21D_JIN.XLSX
BB221,Exposición docente,240705_01,240705_01_BB221_SC.XLSX,240705_01_BBXD_JIN.XLSX
BB205,Lectoescritura,240705_02,240705_02_BB205_SC.XLSX,240705_02_BBXD_JIN.XLSX
BB216,Exposición docente,240705_03,240705_03_BB216_SC.XLSX,240705_03_BBXD_JIN.XLSX
BB217,Exposición docente,240705_03,240705_03_BB217_LL.XLSX,240705_03_BBXD_JIN.XLSX
BB206,Exposición docente,240705_04,240705_04_BB206_LL.XLSX,240705_04_BBXD_JIN.XLSX
BB208,Exposición docente,240705_04,240705_04_BB208_SC.XLSX,240705_04_BBXD_JIN.XLSX
BB214,Juego libre,240705_05,240705_05_BB214_SC.XLSX,240705_05_BBXD_JIN.XLSX
BB219,Juego libre,240705_05,240705_05_BB219_LL.XLSX,240705_05_BBXD_JIN.XLSX
BB201,Juego libre,240705_06,240705_06_BB201_LL.XLSX,240705_06_BBXD_JIN.XLSX
BB207,Dibujo/pintura,240705_06,240705_06_BB207_SC.XLSX,240705_06_BBXD_JIN.XLSX
BB209,Juego libre,240705_07,240705_07_BB209_SC.XLSX,240705_07_BBXD_JIN.XLSX
BB210,Juego libre,240705_07,240705_07_BB210_LL.XLSX,240705_07_BBXD_JIN.XLSX
BB211,Juego libre,240705_08,240705_08_BB211_LL.XLSX,240705_08_BBXD_JIN.XLSX
BB212,Exposición docente,240705_08,240705_08_BB212_SC.XLSX,240705_08_BBXD_JIN.XLSX
BB213,Juego libre,240705_09,240705_09_BB213_SC.XLSX,240705_09_BBXD_JIN.XLSX
BB220,Juego libre,240705_09,240705_09_BB220_JIN.XLSX,240705_09_BBXD_JIN.XLSX
BB221,Juego libre,240705_09,240705_09_BB221_LL.XLSX,240705_09_BBXD_JIN.XLSX
AB303,Exposición docente,240710_01,240710_01_AB303_SZ.XLSX,240710_01_AB3D_JIN.XLSX
AB305,Juego libre,240710_02,240710_02_AB305_SZ.XLSX,240710_02_AB3D_JIN.XLSX
AB306,Juego libre,240710_02,240710_02_AB306_SC.XLSX,240710_02_AB3D_JIN.XLSX
AB311,Juego libre,240710_03,240710_03_AB311_SC.XLSX,240710_03_AB3D_JIN.XLSX
AB312,Juego libre,240710_03,240710_03_AB312_SZ.XLSX,240710_03_AB3D_JIN.XLSX
AB307,Juego libre,240710_04,240710_04_AB307_SC.XLSX,240710_04_AB3D_JIN.XLSX
AB310,Juego libre,240710_04,240710_04_AB310_SZ.XLSX,240710_04_AB3D_JIN.XLSX
AB311,Juego libre,240710_05,240710_05_AB311_SZ.XLSX,240710_05_AB3D_JIN.XLSX
AB315,Juego libre,240710_05,240710_05_AB315_SC.XLSX,240710_05_AB3D_JIN.XLSX
AB301,Exposición docente,240710_06,240710_06_AB301_SZ.XLSX,240710_06_AB3D_JIN.XLSX
AB314,Exposición docente,240710_06,240710_06_AB314_SC.XLSX,240710_06_AB3D_JIN.XLSX
AB312,Dibujo/pintura,240710_07,240710_07_AB312_SZ.XLSX,240710_07_AB3D_JIN.XLSX
AB313,Dibujo/pintura,240710_07,240710_07_AB313_SC.XLSX,240710_07_AB3D_JIN.XLSX
AB308,Dibujo/pintura,240710_08,240710_08_AB308_SC.XLSX,240710_08_AB3D_JIN.XLSX
AB315,Dibujo/pintura,240710_08,240710_08_AB315_SZ.XLSX,240710_08_AB3D_JIN.XLSX
AB302,Dibujo/pintura,240710_09,240710_09_AB302_SC.XLSX,240710_09_AB3D_JIN.XLSX
AB303,Dibujo/pintura,240710_09,240710_09_AB303_SZ.XLSX,240710_09_AB3D_JIN.XLSX
AB304,Exposición docente,240711_01,240711_01_AB304_JIN.XLSX,240711_01_AB3D_JIN.XLSX
AB310,Exposición docente,240711_01,240711_01_AB310_KL.XLSX,240711_01_AB3D_JIN.XLSX
AB305,Exposición docente,240711_02,240711_02_AB305_GA.XLSX,240711_02_AB3D_JIN.XLSX
AB307,Exposición docente,240711_02,240711_02_AB307_KL.XLSX,240711_02_AB3D_JIN.XLSX
AB311,Exposición docente,240711_03,240711_03_AB311_GA.XLSX,240711_03_AB3D_JIN.XLSX
AB312,Exposición docente,240711_03,240711_03_AB312_KL.XLSX,240711_03_AB3D_JIN.XLSX
AB314,Juego con números,240711_04,240711_04_AB314_KL.XLSX,240711_04_AB3D_JIN.XLSX
AB315,Juego con números,240711_04,240711_04_AB315_GA.XLSX,240711_04_AB3D_JIN.XLSX
AB304,Exposición docente,240711_05,240711_05_AB304_KL.XLSX,240711_05_AB3D_JIN.XLSX
AB306,Exposición docente,240711_05,240711_05_AB306_GA.XLSX,240711_05_AB3D_JIN.XLSX
AB313,Exposición docente,240711_05,240711_05_AB313_JIN.XLSX,240711_05_AB3D_JIN.XLSX
